"0","# Create a table showing counts of each condition per Max_Term_Code"
"0","summary_table <- BA_Academic_Standing %>%"
"0","  group_by(Max_Term_Code) %>%"
"0","  summarise("
"0","    Count_Traditional_Graduate = sum(Traditional_Graduate == TRUE, na.rm = TRUE),"
"0","    Count_Degree_Awarded = sum(Degree_Awarded == TRUE, na.rm = TRUE),"
"0","    Count_Extra_Semesters = sum(Extra_Semesters == TRUE, na.rm = TRUE),"
"0","    Count_Early_Graduate = sum(Early_Graduate == TRUE, na.rm = TRUE)"
"0","  )"
"0",""
"0","# Display the table"
"0","print(summary_table)"
