"0","# Corrected column names based on dataset"
"0","# Step 1: Sort the data by `Student ID` and `Term Code` to ensure proper sequencing"
"0","IS_Majors <- IS_Majors %>%"
"0","  arrange(`Student ID`, `Term Code`)"
"0",""
"0","# Step 2: Create a helper column 'Term_Order' to represent the order of term codes per student"
"0","IS_Majors <- IS_Majors %>%"
"0","  group_by(`Student ID`) %>%"
"0","  mutate(Term_Order = row_number()) %>%"
"0","  ungroup()"
"0",""
"0","# Step 3: Define Academic Standing based on the Term_Order"
"0","IS_Majors <- IS_Majors %>%"
"0","  mutate(Academic.Standing = case_when("
"0","    Term_Order <= 2 ~ ""Freshman"","
"0","    Term_Order <= 4 ~ ""Sophomore"","
"0","    Term_Order <= 6 ~ ""Junior"","
"0","    TRUE ~ ""Senior"""
"0","  ))"
"0",""
"0","# Save the modified table back to IS_Majors.csv"
"0","write.csv(IS_Majors, ""IS_Majors.csv"", row.names = FALSE)"
"0",""
"0","# View the updated IS_Majors table"
"0","print(IS_Majors)"
