{"chunk_definitions":[{"row":135,"row_count":1,"visible":true,"expansion_state":0,"options":{"engine":"r","label":"setup","message":false,"warning":false,"include":false,"dev":"png"},"document_id":"48AE2A8B","chunk_id":"csetup_chunk","chunk_label":"setup"},{"row":141,"row_count":1,"visible":true,"expansion_state":0,"options":{"engine":"r","echo":false,"label":"unnamed-chunk-277","dev":"png"},"document_id":"48AE2A8B","chunk_id":"cwr5ewvqlrpsv","chunk_label":"unnamed-chunk-1"},{"row":156,"row_count":1,"visible":true,"expansion_state":0,"options":{"engine":"r","label":"unnamed-chunk-278","dev":"png"},"document_id":"48AE2A8B","chunk_id":"c8r8nhcodn4kr","chunk_label":"unnamed-chunk-2"},{"row":164,"row_count":1,"visible":true,"expansion_state":0,"options":{"engine":"r","label":"unnamed-chunk-279","dev":"png"},"document_id":"48AE2A8B","chunk_id":"ct167qimzmo3t","chunk_label":"unnamed-chunk-3"},{"row":168,"row_count":1,"visible":true,"expansion_state":0,"options":{"engine":"r","label":"unnamed-chunk-280","dev":"png"},"document_id":"48AE2A8B","chunk_id":"c8zdc205yqfn5","chunk_label":"unnamed-chunk-4"},{"row":175,"row_count":1,"visible":true,"expansion_state":0,"options":{"engine":"r","label":"unnamed-chunk-281","dev":"png"},"document_id":"48AE2A8B","chunk_id":"c2gf5gs505b38","chunk_label":"unnamed-chunk-5"},{"row":181,"row_count":1,"visible":true,"expansion_state":0,"options":{"engine":"r","label":"unnamed-chunk-282","dev":"png"},"document_id":"48AE2A8B","chunk_id":"chqnovy71ytq9","chunk_label":"unnamed-chunk-6"},{"row":212,"row_count":1,"visible":true,"expansion_state":0,"options":{"engine":"r","label":"unnamed-chunk-283","dev":"png"},"document_id":"48AE2A8B","chunk_id":"cf0qt8cl48l20","chunk_label":"unnamed-chunk-7"},{"row":224,"row_count":1,"visible":true,"expansion_state":0,"options":{"engine":"r","label":"unnamed-chunk-284","dev":"png"},"document_id":"48AE2A8B","chunk_id":"c21hfgxm36ow0","chunk_label":"unnamed-chunk-8"},{"row":238,"row_count":1,"visible":true,"expansion_state":0,"options":{"engine":"r","label":"unnamed-chunk-285","dev":"png"},"document_id":"48AE2A8B","chunk_id":"crrh94e7pm5i7","chunk_label":"unnamed-chunk-9"},{"row":248,"row_count":1,"visible":true,"expansion_state":0,"options":{"engine":"r","label":"unnamed-chunk-286","dev":"png"},"document_id":"48AE2A8B","chunk_id":"cw7gj9kxi6hxs","chunk_label":"unnamed-chunk-10"},{"row":260,"row_count":1,"visible":true,"expansion_state":0,"options":{"engine":"r","label":"unnamed-chunk-287","dev":"png"},"document_id":"48AE2A8B","chunk_id":"cu9z9p7oor76b","chunk_label":"unnamed-chunk-11"},{"row":270,"row_count":1,"visible":true,"expansion_state":0,"options":{"engine":"r","label":"unnamed-chunk-288","dev":"png"},"document_id":"48AE2A8B","chunk_id":"cyu92l7zxitsw","chunk_label":"unnamed-chunk-12"},{"row":275,"row_count":1,"visible":true,"expansion_state":0,"options":{"engine":"r","label":"unnamed-chunk-289","dev":"png"},"document_id":"48AE2A8B","chunk_id":"cxntf55xfsjv4","chunk_label":"unnamed-chunk-13"},{"row":283,"row_count":1,"visible":true,"expansion_state":0,"options":{"engine":"r","label":"unnamed-chunk-290","dev":"png"},"document_id":"48AE2A8B","chunk_id":"ch0yeskfs2m1v","chunk_label":"unnamed-chunk-14"},{"row":294,"row_count":1,"visible":true,"expansion_state":0,"options":{"engine":"r","label":"unnamed-chunk-291","dev":"png"},"document_id":"48AE2A8B","chunk_id":"cvzrdl8s5zgnp","chunk_label":"unnamed-chunk-15"},{"row":298,"row_count":1,"visible":true,"expansion_state":0,"options":{"engine":"r","label":"unnamed-chunk-292","dev":"png"},"document_id":"48AE2A8B","chunk_id":"cydn479d8hjmf","chunk_label":"unnamed-chunk-16"},{"row":311,"row_count":1,"visible":true,"expansion_state":0,"options":{"engine":"r","label":"unnamed-chunk-293","dev":"png"},"document_id":"9E92D65D","chunk_id":"ce7ycmyepfdfu","chunk_label":"unnamed-chunk-17"},{"row":322,"row_count":1,"visible":true,"expansion_state":0,"options":{"engine":"r","label":"unnamed-chunk-294","dev":"png"},"document_id":"9E92D65D","chunk_id":"ccj2f6grav4p4","chunk_label":"unnamed-chunk-18"},{"row":326,"row_count":1,"visible":true,"expansion_state":0,"options":{"engine":"r","label":"unnamed-chunk-295","dev":"png"},"document_id":"9E92D65D","chunk_id":"cqwv8lno2qg6r","chunk_label":"unnamed-chunk-19"},{"row":344,"row_count":1,"visible":true,"expansion_state":0,"options":{"engine":"r","label":"unnamed-chunk-296","dev":"png"},"document_id":"9E92D65D","chunk_id":"cll1r4yexo11l","chunk_label":"unnamed-chunk-20"},{"row":360,"row_count":1,"visible":true,"expansion_state":0,"options":{"engine":"r","label":"unnamed-chunk-297","dev":"png"},"document_id":"9E92D65D","chunk_id":"c3ut43tgdwpic","chunk_label":"unnamed-chunk-21"},{"row":384,"row_count":1,"visible":true,"expansion_state":0,"options":{"engine":"r","label":"unnamed-chunk-298","dev":"png"},"document_id":"48AE2A8B","chunk_id":"cqxhda9dby3ye","chunk_label":"unnamed-chunk-22"},{"row":407,"row_count":1,"visible":true,"expansion_state":0,"options":{"engine":"r","label":"unnamed-chunk-299","dev":"png"},"document_id":"48AE2A8B","chunk_id":"crtauw2zqxgn9","chunk_label":"unnamed-chunk-23"},{"row":415,"row_count":1,"visible":true,"expansion_state":0,"options":{"engine":"r","label":"unnamed-chunk-300","dev":"png"},"document_id":"48AE2A8B","chunk_id":"cyv4jxns8flek","chunk_label":"unnamed-chunk-24"},{"row":439,"row_count":1,"visible":true,"expansion_state":0,"options":{"engine":"r","label":"unnamed-chunk-301","dev":"png"},"document_id":"48AE2A8B","chunk_id":"ccte2pk3k0eoz","chunk_label":"unnamed-chunk-25"},{"row":448,"row_count":1,"visible":true,"expansion_state":0,"options":{"engine":"r","label":"unnamed-chunk-302","dev":"png"},"document_id":"48AE2A8B","chunk_id":"cccgtv09nlaml","chunk_label":"unnamed-chunk-26"},{"row":453,"row_count":1,"visible":true,"expansion_state":0,"options":{"engine":"r","label":"unnamed-chunk-303","dev":"png"},"document_id":"48AE2A8B","chunk_id":"cy6530l2ko0gp","chunk_label":"unnamed-chunk-27"},{"row":460,"row_count":1,"visible":true,"expansion_state":0,"options":{"engine":"r","label":"unnamed-chunk-304","dev":"png"},"document_id":"48AE2A8B","chunk_id":"c6de71tyd9yr2","chunk_label":"unnamed-chunk-28"},{"row":466,"row_count":1,"visible":true,"expansion_state":0,"options":{"engine":"r","label":"unnamed-chunk-305","dev":"png"},"document_id":"48AE2A8B","chunk_id":"cu0bwv2hdatjd","chunk_label":"unnamed-chunk-29"},{"row":498,"row_count":1,"visible":true,"expansion_state":0,"options":{"engine":"r","label":"unnamed-chunk-306","dev":"png"},"document_id":"48AE2A8B","chunk_id":"c7znr21shgq2t","chunk_label":"unnamed-chunk-30"},{"row":510,"row_count":1,"visible":true,"expansion_state":0,"options":{"engine":"r","label":"unnamed-chunk-307","dev":"png"},"document_id":"48AE2A8B","chunk_id":"c7s1c4ru2mupv","chunk_label":"unnamed-chunk-31"},{"row":524,"row_count":1,"visible":true,"expansion_state":0,"options":{"engine":"r","label":"unnamed-chunk-308","dev":"png"},"document_id":"48AE2A8B","chunk_id":"comwjowuontkn","chunk_label":"unnamed-chunk-32"},{"row":534,"row_count":1,"visible":true,"expansion_state":0,"options":{"engine":"r","label":"unnamed-chunk-309","dev":"png"},"document_id":"48AE2A8B","chunk_id":"cax8snrim2iog","chunk_label":"unnamed-chunk-33"},{"row":546,"row_count":1,"visible":true,"expansion_state":0,"options":{"engine":"r","label":"unnamed-chunk-310","dev":"png"},"document_id":"48AE2A8B","chunk_id":"cy64cwurapk38","chunk_label":"unnamed-chunk-34"},{"row":556,"row_count":1,"visible":true,"expansion_state":0,"options":{"engine":"r","label":"unnamed-chunk-311","dev":"png"},"document_id":"48AE2A8B","chunk_id":"csnxrpvx7c8wh","chunk_label":"unnamed-chunk-35"},{"row":560,"row_count":1,"visible":true,"expansion_state":0,"options":{"engine":"r","label":"unnamed-chunk-312","dev":"png"},"document_id":"48AE2A8B","chunk_id":"cgjxlbkfumkv3","chunk_label":"unnamed-chunk-36"},{"row":568,"row_count":1,"visible":true,"expansion_state":0,"options":{"engine":"r","label":"unnamed-chunk-313","dev":"png"},"document_id":"48AE2A8B","chunk_id":"c07zc5wjpj50f","chunk_label":"unnamed-chunk-37"},{"row":579,"row_count":1,"visible":true,"expansion_state":0,"options":{"engine":"r","label":"unnamed-chunk-314","dev":"png"},"document_id":"48AE2A8B","chunk_id":"clot5opfel7nf","chunk_label":"unnamed-chunk-38"},{"row":583,"row_count":1,"visible":true,"expansion_state":0,"options":{"engine":"r","label":"unnamed-chunk-315","dev":"png"},"document_id":"48AE2A8B","chunk_id":"cdgwfb22ffuul","chunk_label":"unnamed-chunk-39"},{"row":596,"row_count":1,"visible":true,"expansion_state":0,"options":{"engine":"r","label":"unnamed-chunk-316","dev":"png"},"document_id":"48AE2A8B","chunk_id":"ced7b2cky2m2r","chunk_label":"unnamed-chunk-40"},{"row":600,"row_count":1,"visible":true,"expansion_state":0,"options":{"engine":"r","label":"unnamed-chunk-317","dev":"png"},"document_id":"48AE2A8B","chunk_id":"cxvwgavgu0z48","chunk_label":"unnamed-chunk-41"},{"row":609,"row_count":1,"visible":true,"expansion_state":0,"options":{"engine":"r","label":"unnamed-chunk-318","dev":"png"},"document_id":"9E92D65D","chunk_id":"cqnpgjdre8r09","chunk_label":"unnamed-chunk-42"},{"row":613,"row_count":1,"visible":true,"expansion_state":0,"options":{"engine":"r","label":"unnamed-chunk-319","dev":"png"},"document_id":"9E92D65D","chunk_id":"c60miob1za2y3","chunk_label":"unnamed-chunk-43"},{"row":631,"row_count":1,"visible":true,"expansion_state":0,"options":{"engine":"r","label":"unnamed-chunk-320","dev":"png"},"document_id":"9E92D65D","chunk_id":"chpx1vjuqm8xp","chunk_label":"unnamed-chunk-44"},{"row":647,"row_count":1,"visible":true,"expansion_state":0,"options":{"engine":"r","label":"unnamed-chunk-321","dev":"png"},"document_id":"9E92D65D","chunk_id":"cv1fkzz91v7ox","chunk_label":"unnamed-chunk-45"},{"row":671,"row_count":1,"visible":true,"expansion_state":0,"options":{"engine":"r","label":"unnamed-chunk-322","dev":"png"},"document_id":"48AE2A8B","chunk_id":"cswgz5dvx9jdr","chunk_label":"unnamed-chunk-46"},{"row":694,"row_count":1,"visible":true,"expansion_state":0,"options":{"engine":"r","label":"unnamed-chunk-323","dev":"png"},"document_id":"48AE2A8B","chunk_id":"cp5wdn20i6zs5","chunk_label":"unnamed-chunk-47"},{"row":703,"row_count":1,"visible":true,"expansion_state":0,"options":{"engine":"r","label":"unnamed-chunk-324","dev":"png"},"document_id":"48AE2A8B","chunk_id":"c7hl97vasbkzb","chunk_label":"unnamed-chunk-48"}],"doc_write_time":1731196878,"chunk_rendered_width":400,"working_dir":null,"default_chunk_options":{"echo":true,"message":false,"warning":false,"out.width":"100%"}}