{"chunk_definitions":[{"row":135,"row_count":1,"visible":true,"expansion_state":0,"options":{"engine":"r","label":"setup","message":false,"warning":false,"include":false,"dev":"png"},"document_id":"AF61493A","chunk_id":"csetup_chunk","chunk_label":"setup"},{"row":141,"row_count":1,"visible":true,"expansion_state":0,"options":{"engine":"r","echo":false,"label":"unnamed-chunk-1","dev":"png"},"document_id":"AF61493A","chunk_id":"cuqob7sq2g99f","chunk_label":"unnamed-chunk-1"},{"row":156,"row_count":1,"visible":true,"expansion_state":0,"options":{"engine":"r","label":"unnamed-chunk-2","dev":"png"},"document_id":"AF61493A","chunk_id":"cz7me7sru99nm","chunk_label":"unnamed-chunk-2"},{"row":164,"row_count":1,"visible":true,"expansion_state":0,"options":{"engine":"r","label":"unnamed-chunk-3","dev":"png"},"document_id":"AF61493A","chunk_id":"c40tppqkvo51i","chunk_label":"unnamed-chunk-3"},{"row":168,"row_count":1,"visible":true,"expansion_state":0,"options":{"engine":"r","label":"unnamed-chunk-4","dev":"png"},"document_id":"AF61493A","chunk_id":"cdsshodpz540w","chunk_label":"unnamed-chunk-4"},{"row":175,"row_count":1,"visible":true,"expansion_state":0,"options":{"engine":"r","label":"unnamed-chunk-5","dev":"png"},"document_id":"AF61493A","chunk_id":"cq10gjf4ux3gs","chunk_label":"unnamed-chunk-5"},{"row":181,"row_count":1,"visible":true,"expansion_state":0,"options":{"engine":"r","label":"unnamed-chunk-6","dev":"png"},"document_id":"AF61493A","chunk_id":"c5p4ndhtnirhl","chunk_label":"unnamed-chunk-6"},{"row":212,"row_count":1,"visible":true,"expansion_state":0,"options":{"engine":"r","label":"unnamed-chunk-7","dev":"png"},"document_id":"AF61493A","chunk_id":"chht5cf64h68u","chunk_label":"unnamed-chunk-7"},{"row":224,"row_count":1,"visible":true,"expansion_state":0,"options":{"engine":"r","label":"unnamed-chunk-8","dev":"png"},"document_id":"AF61493A","chunk_id":"ctbnthnr5w08g","chunk_label":"unnamed-chunk-8"},{"row":238,"row_count":1,"visible":true,"expansion_state":0,"options":{"engine":"r","label":"unnamed-chunk-26","dev":"png"},"document_id":"AF61493A","chunk_id":"cpqdgt9e9h13i","chunk_label":"unnamed-chunk-9"},{"row":248,"row_count":1,"visible":true,"expansion_state":0,"options":{"engine":"r","label":"unnamed-chunk-30","dev":"png"},"document_id":"AF61493A","chunk_id":"c99iou8tncgqp","chunk_label":"unnamed-chunk-10"},{"row":260,"row_count":1,"visible":true,"expansion_state":0,"options":{"engine":"r","label":"unnamed-chunk-31","dev":"png"},"document_id":"AF61493A","chunk_id":"cc4v48hrzewx4","chunk_label":"unnamed-chunk-11"},{"row":270,"row_count":1,"visible":true,"expansion_state":0,"options":{"engine":"r","label":"unnamed-chunk-32","dev":"png"},"document_id":"48AE2A8B","chunk_id":"cbi01nv2es1oz","chunk_label":"unnamed-chunk-12"},{"row":274,"row_count":1,"visible":true,"expansion_state":0,"options":{"engine":"r","label":"unnamed-chunk-37","dev":"png"},"document_id":"48AE2A8B","chunk_id":"cah2bbl6p2pmo","chunk_label":"unnamed-chunk-13"},{"row":297,"row_count":1,"visible":true,"expansion_state":0,"options":{"engine":"r","label":"unnamed-chunk-13","dev":"png"},"document_id":"AF61493A","chunk_id":"ct66qnuwl84t8","chunk_label":"unnamed-chunk-14"},{"row":320,"row_count":1,"visible":true,"expansion_state":0,"options":{"engine":"r","label":"unnamed-chunk-14","dev":"png"},"document_id":"AF61493A","chunk_id":"cir8gutcllsuj","chunk_label":"unnamed-chunk-15"},{"row":336,"row_count":1,"visible":true,"expansion_state":0,"options":{"engine":"r","label":"unnamed-chunk-15","dev":"png"},"document_id":"AF61493A","chunk_id":"c7mo1qrdkemqv","chunk_label":"unnamed-chunk-16"},{"row":345,"row_count":1,"visible":true,"expansion_state":0,"options":{"engine":"r","label":"unnamed-chunk-16","dev":"png"},"document_id":"AF61493A","chunk_id":"cle742pvo6feo","chunk_label":"unnamed-chunk-17"},{"row":350,"row_count":1,"visible":true,"expansion_state":0,"options":{"engine":"r","label":"unnamed-chunk-17","dev":"png"},"document_id":"AF61493A","chunk_id":"c400ctox9byve","chunk_label":"unnamed-chunk-18"},{"row":357,"row_count":1,"visible":true,"expansion_state":0,"options":{"engine":"r","label":"unnamed-chunk-18","dev":"png"},"document_id":"AF61493A","chunk_id":"cl6n8ny851ss5","chunk_label":"unnamed-chunk-19"},{"row":363,"row_count":1,"visible":true,"expansion_state":0,"options":{"engine":"r","label":"unnamed-chunk-19","dev":"png"},"document_id":"AF61493A","chunk_id":"clcyfihtdts1x","chunk_label":"unnamed-chunk-20"},{"row":395,"row_count":1,"visible":true,"expansion_state":0,"options":{"engine":"r","label":"unnamed-chunk-20","dev":"png"},"document_id":"AF61493A","chunk_id":"cyvwdg2mxxhro","chunk_label":"unnamed-chunk-21"},{"row":417,"row_count":1,"visible":true,"expansion_state":0,"options":{"engine":"r","label":"unnamed-chunk-21","dev":"png"},"document_id":"AF61493A","chunk_id":"c1fkg973v788x","chunk_label":"unnamed-chunk-22"},{"row":440,"row_count":1,"visible":true,"expansion_state":0,"options":{"engine":"r","label":"unnamed-chunk-22","dev":"png"},"document_id":"AF61493A","chunk_id":"cdcthph0xrtnl","chunk_label":"unnamed-chunk-23"},{"row":449,"row_count":1,"visible":true,"expansion_state":0,"options":{"engine":"r","label":"unnamed-chunk-23","dev":"png"},"document_id":"AF61493A","chunk_id":"c2f9kxx5z5y88","chunk_label":"unnamed-chunk-24"}],"doc_write_time":1730824009,"working_dir":null,"default_chunk_options":{"echo":true,"message":false,"warning":false,"out.width":"100%"}}