"","Student ID","Term_Count","Traditional_Graduate","Max_Term_Code","Degree_Awarded","Extra_Semesters","Early_Graduate"
"1",8023864,1,FALSE,"202510",FALSE,FALSE,FALSE
"2",8024720,1,FALSE,"202510",FALSE,FALSE,FALSE
"3",8026176,1,FALSE,"202510",FALSE,FALSE,FALSE
"4",8031298,1,FALSE,"202510",FALSE,FALSE,FALSE
"5",8034088,1,FALSE,"202510",FALSE,FALSE,FALSE
"6",8035324,1,FALSE,"202510",FALSE,FALSE,FALSE
"7",8035775,1,FALSE,"202510",FALSE,FALSE,FALSE
"8",8035951,1,FALSE,"202510",FALSE,FALSE,FALSE
"9",8036132,1,FALSE,"202510",FALSE,FALSE,FALSE
"10",8036194,1,FALSE,"202510",FALSE,FALSE,FALSE
"11",8036672,1,FALSE,"202510",FALSE,FALSE,FALSE
"12",8036698,1,FALSE,"202510",FALSE,FALSE,FALSE
"13",8036831,1,FALSE,"202510",FALSE,FALSE,FALSE
"14",8036913,1,FALSE,"202510",FALSE,FALSE,FALSE
"15",8037690,1,FALSE,"202510",FALSE,FALSE,FALSE
"16",8037772,1,FALSE,"202510",FALSE,FALSE,FALSE
"17",8038501,1,FALSE,"202510",FALSE,FALSE,FALSE
"18",8038521,1,FALSE,"202510",FALSE,FALSE,FALSE
"19",8038546,1,FALSE,"202510",FALSE,FALSE,FALSE
"20",8038562,1,FALSE,"202510",FALSE,FALSE,FALSE
"21",8039444,1,FALSE,"202510",FALSE,FALSE,FALSE
"22",8039868,1,FALSE,"202510",FALSE,FALSE,FALSE
"23",8040059,1,FALSE,"202510",FALSE,FALSE,FALSE
"24",8040075,1,FALSE,"202510",FALSE,FALSE,FALSE
"25",8040219,1,FALSE,"202510",FALSE,FALSE,FALSE
"26",8040445,1,FALSE,"202510",FALSE,FALSE,FALSE
"27",8040552,1,FALSE,"202510",FALSE,FALSE,FALSE
"28",8041080,1,FALSE,"202510",FALSE,FALSE,FALSE
"29",8041446,1,FALSE,"202510",FALSE,FALSE,FALSE
"30",8041624,1,FALSE,"202510",FALSE,FALSE,FALSE
"31",8042057,1,FALSE,"202510",FALSE,FALSE,FALSE
"32",8043161,1,FALSE,"202510",FALSE,FALSE,FALSE
"33",8043208,1,FALSE,"202510",FALSE,FALSE,FALSE
"34",8043424,1,FALSE,"202510",FALSE,FALSE,FALSE
"35",8043792,1,FALSE,"202510",FALSE,FALSE,FALSE
"36",8043826,1,FALSE,"202510",FALSE,FALSE,FALSE
"37",8044066,1,FALSE,"202510",FALSE,FALSE,FALSE
"38",8044808,1,FALSE,"202510",FALSE,FALSE,FALSE
"39",8045712,1,FALSE,"202510",FALSE,FALSE,FALSE
"40",8046171,1,FALSE,"202510",FALSE,FALSE,FALSE
"41",8046524,1,FALSE,"202510",FALSE,FALSE,FALSE
"42",8046613,1,FALSE,"202510",FALSE,FALSE,FALSE
"43",8046911,1,FALSE,"202510",FALSE,FALSE,FALSE
"44",8047746,1,FALSE,"202510",FALSE,FALSE,FALSE
"45",8047893,1,FALSE,"202510",FALSE,FALSE,FALSE
"46",8049390,1,FALSE,"202510",FALSE,FALSE,FALSE
"47",8049419,1,FALSE,"202510",FALSE,FALSE,FALSE
"48",8049767,1,FALSE,"202510",FALSE,FALSE,FALSE
"49",8050112,1,FALSE,"202510",FALSE,FALSE,FALSE
"50",8050561,1,FALSE,"202510",FALSE,FALSE,FALSE
"51",8050565,1,FALSE,"202510",FALSE,FALSE,FALSE
"52",8050777,1,FALSE,"202510",FALSE,FALSE,FALSE
"53",8050880,1,FALSE,"202510",FALSE,FALSE,FALSE
"54",8050882,1,FALSE,"202510",FALSE,FALSE,FALSE
"55",8051472,1,FALSE,"202510",FALSE,FALSE,FALSE
"56",8051545,1,FALSE,"202510",FALSE,FALSE,FALSE
"57",8051960,1,FALSE,"202510",FALSE,FALSE,FALSE
"58",8052697,1,FALSE,"202510",FALSE,FALSE,FALSE
"59",8053165,1,FALSE,"202510",FALSE,FALSE,FALSE
"60",8053497,1,FALSE,"202510",FALSE,FALSE,FALSE
"61",8053929,1,FALSE,"202510",FALSE,FALSE,FALSE
"62",8054010,1,FALSE,"202510",FALSE,FALSE,FALSE
"63",8054660,1,FALSE,"202510",FALSE,FALSE,FALSE
"64",8055646,1,FALSE,"202510",FALSE,FALSE,FALSE
"65",8055672,1,FALSE,"202510",FALSE,FALSE,FALSE
"66",8055733,1,FALSE,"202510",FALSE,FALSE,FALSE
"67",8056384,1,FALSE,"202510",FALSE,FALSE,FALSE
"68",8056949,1,FALSE,"202510",FALSE,FALSE,FALSE
"69",8057083,1,FALSE,"202510",FALSE,FALSE,FALSE
"70",8059043,1,FALSE,"202510",FALSE,FALSE,FALSE
"71",8059580,1,FALSE,"202510",FALSE,FALSE,FALSE
"72",8059728,1,FALSE,"202510",FALSE,FALSE,FALSE
"73",8060075,1,FALSE,"202510",FALSE,FALSE,FALSE
"74",8060712,1,FALSE,"202510",FALSE,FALSE,FALSE
"75",8061238,1,FALSE,"202510",FALSE,FALSE,FALSE
"76",8061318,1,FALSE,"202510",FALSE,FALSE,FALSE
"77",8061828,1,FALSE,"202510",FALSE,FALSE,FALSE
"78",8061848,1,FALSE,"202510",FALSE,FALSE,FALSE
"79",8062031,1,FALSE,"202510",FALSE,FALSE,FALSE
"80",8062215,1,FALSE,"202510",FALSE,FALSE,FALSE
"81",8062572,1,FALSE,"202510",FALSE,FALSE,FALSE
"82",8063263,1,FALSE,"202510",FALSE,FALSE,FALSE
"83",8063741,1,FALSE,"202510",FALSE,FALSE,FALSE
"84",8064301,1,FALSE,"202510",FALSE,FALSE,FALSE
"85",8071760,3,FALSE,"202510",FALSE,FALSE,FALSE
"86",8071769,3,FALSE,"202510",FALSE,FALSE,FALSE
"87",8078285,1,FALSE,"202510",FALSE,FALSE,FALSE
"88",8078814,1,FALSE,"202510",FALSE,FALSE,FALSE
"89",8079447,1,FALSE,"202510",FALSE,FALSE,FALSE
"90",8079808,3,FALSE,"202510",FALSE,FALSE,FALSE
"91",8082698,1,FALSE,"202510",FALSE,FALSE,FALSE
"92",8084216,1,FALSE,"202510",FALSE,FALSE,FALSE
"93",8085468,3,FALSE,"202510",FALSE,FALSE,FALSE
"94",8085741,3,FALSE,"202510",FALSE,FALSE,FALSE
"95",8088041,3,FALSE,"202510",FALSE,FALSE,FALSE
"96",8088162,3,FALSE,"202510",FALSE,FALSE,FALSE
"97",8088163,3,FALSE,"202510",FALSE,FALSE,FALSE
"98",8088846,3,FALSE,"202510",FALSE,FALSE,FALSE
"99",8091615,3,FALSE,"202510",FALSE,FALSE,FALSE
"100",8092370,3,FALSE,"202510",FALSE,FALSE,FALSE
"101",8093446,3,FALSE,"202510",FALSE,FALSE,FALSE
"102",8093858,3,FALSE,"202510",FALSE,FALSE,FALSE
"103",8094275,3,FALSE,"202510",FALSE,FALSE,FALSE
"104",8094689,3,FALSE,"202510",FALSE,FALSE,FALSE
"105",8094793,3,FALSE,"202510",FALSE,FALSE,FALSE
"106",8095052,3,FALSE,"202510",FALSE,FALSE,FALSE
"107",8096247,3,FALSE,"202510",FALSE,FALSE,FALSE
"108",8096785,3,FALSE,"202510",FALSE,FALSE,FALSE
"109",8096793,3,FALSE,"202510",FALSE,FALSE,FALSE
"110",8097103,3,FALSE,"202510",FALSE,FALSE,FALSE
"111",8097201,3,FALSE,"202510",FALSE,FALSE,FALSE
"112",8097337,3,FALSE,"202510",FALSE,FALSE,FALSE
"113",8097617,3,FALSE,"202510",FALSE,FALSE,FALSE
"114",8097917,3,FALSE,"202510",FALSE,FALSE,FALSE
"115",8098459,3,FALSE,"202510",FALSE,FALSE,FALSE
"116",8098511,3,FALSE,"202510",FALSE,FALSE,FALSE
"117",8098637,3,FALSE,"202510",FALSE,FALSE,FALSE
"118",8098693,3,FALSE,"202510",FALSE,FALSE,FALSE
"119",8098995,3,FALSE,"202510",FALSE,FALSE,FALSE
"120",8099721,3,FALSE,"202510",FALSE,FALSE,FALSE
"121",8099820,3,FALSE,"202510",FALSE,FALSE,FALSE
"122",8100116,3,FALSE,"202510",FALSE,FALSE,FALSE
"123",8100342,3,FALSE,"202510",FALSE,FALSE,FALSE
"124",8100526,3,FALSE,"202510",FALSE,FALSE,FALSE
"125",8100549,3,FALSE,"202510",FALSE,FALSE,FALSE
"126",8100919,3,FALSE,"202510",FALSE,FALSE,FALSE
"127",8101018,3,FALSE,"202510",FALSE,FALSE,FALSE
"128",8101123,3,FALSE,"202510",FALSE,FALSE,FALSE
"129",8101143,3,FALSE,"202510",FALSE,FALSE,FALSE
"130",8101331,3,FALSE,"202510",FALSE,FALSE,FALSE
"131",8101424,3,FALSE,"202510",FALSE,FALSE,FALSE
"132",8101439,3,FALSE,"202510",FALSE,FALSE,FALSE
"133",8102153,3,FALSE,"202510",FALSE,FALSE,FALSE
"134",8102286,3,FALSE,"202510",FALSE,FALSE,FALSE
"135",8102295,3,FALSE,"202510",FALSE,FALSE,FALSE
"136",8102400,3,FALSE,"202510",FALSE,FALSE,FALSE
"137",8102524,3,FALSE,"202510",FALSE,FALSE,FALSE
"138",8102798,3,FALSE,"202510",FALSE,FALSE,FALSE
"139",8102811,3,FALSE,"202510",FALSE,FALSE,FALSE
"140",8102842,3,FALSE,"202510",FALSE,FALSE,FALSE
"141",8102851,3,FALSE,"202510",FALSE,FALSE,FALSE
"142",8102908,3,FALSE,"202510",FALSE,FALSE,FALSE
"143",8103304,3,FALSE,"202510",FALSE,FALSE,FALSE
"144",8103469,3,FALSE,"202510",FALSE,FALSE,FALSE
"145",8103883,3,FALSE,"202510",FALSE,FALSE,FALSE
"146",8103899,3,FALSE,"202510",FALSE,FALSE,FALSE
"147",8104179,3,FALSE,"202510",FALSE,FALSE,FALSE
"148",8104279,3,FALSE,"202510",FALSE,FALSE,FALSE
"149",8104556,3,FALSE,"202510",FALSE,FALSE,FALSE
"150",8104584,3,FALSE,"202510",FALSE,FALSE,FALSE
"151",8104623,2,FALSE,"202420",FALSE,FALSE,FALSE
"152",8104748,3,FALSE,"202510",FALSE,FALSE,FALSE
"153",8104808,3,FALSE,"202510",FALSE,FALSE,FALSE
"154",8104842,3,FALSE,"202510",FALSE,FALSE,FALSE
"155",8104880,3,FALSE,"202510",FALSE,FALSE,FALSE
"156",8105202,3,FALSE,"202510",FALSE,FALSE,FALSE
"157",8105427,3,FALSE,"202510",FALSE,FALSE,FALSE
"158",8105588,3,FALSE,"202510",FALSE,FALSE,FALSE
"159",8105593,3,FALSE,"202510",FALSE,FALSE,FALSE
"160",8105742,3,FALSE,"202510",FALSE,FALSE,FALSE
"161",8105892,3,FALSE,"202510",FALSE,FALSE,FALSE
"162",8106266,3,FALSE,"202510",FALSE,FALSE,FALSE
"163",8107035,3,FALSE,"202510",FALSE,FALSE,FALSE
"164",8107364,2,FALSE,"202420",FALSE,FALSE,FALSE
"165",8107379,3,FALSE,"202510",FALSE,FALSE,FALSE
"166",8107437,3,FALSE,"202510",FALSE,FALSE,FALSE
"167",8107639,1,FALSE,"202410",FALSE,FALSE,FALSE
"168",8108201,3,FALSE,"202510",FALSE,FALSE,FALSE
"169",8109038,3,FALSE,"202510",FALSE,FALSE,FALSE
"170",8109428,3,FALSE,"202510",FALSE,FALSE,FALSE
"171",8109574,3,FALSE,"202510",FALSE,FALSE,FALSE
"172",8110107,3,FALSE,"202510",FALSE,FALSE,FALSE
"173",8110149,3,FALSE,"202510",FALSE,FALSE,FALSE
"174",8110213,3,FALSE,"202510",FALSE,FALSE,FALSE
"175",8110325,3,FALSE,"202510",FALSE,FALSE,FALSE
"176",8111107,3,FALSE,"202510",FALSE,FALSE,FALSE
"177",8111944,3,FALSE,"202510",FALSE,FALSE,FALSE
"178",8112120,3,FALSE,"202510",FALSE,FALSE,FALSE
"179",8112254,3,FALSE,"202510",FALSE,FALSE,FALSE
"180",8112451,3,FALSE,"202510",FALSE,FALSE,FALSE
"181",8112497,3,FALSE,"202510",FALSE,FALSE,FALSE
"182",8112667,3,FALSE,"202510",FALSE,FALSE,FALSE
"183",8112942,3,FALSE,"202510",FALSE,FALSE,FALSE
"184",8113087,3,FALSE,"202510",FALSE,FALSE,FALSE
"185",8113388,3,FALSE,"202510",FALSE,FALSE,FALSE
"186",8113623,3,FALSE,"202510",FALSE,FALSE,FALSE
"187",8113661,3,FALSE,"202510",FALSE,FALSE,FALSE
"188",8113775,3,FALSE,"202510",FALSE,FALSE,FALSE
"189",8113883,3,FALSE,"202510",FALSE,FALSE,FALSE
"190",8113913,3,FALSE,"202510",FALSE,FALSE,FALSE
"191",8113952,3,FALSE,"202510",FALSE,FALSE,FALSE
"192",8114030,3,FALSE,"202510",FALSE,FALSE,FALSE
"193",8114059,3,FALSE,"202510",FALSE,FALSE,FALSE
"194",8114711,3,FALSE,"202510",FALSE,FALSE,FALSE
"195",8114906,3,FALSE,"202510",FALSE,FALSE,FALSE
"196",8114983,3,FALSE,"202510",FALSE,FALSE,FALSE
"197",8115221,2,FALSE,"202420",FALSE,FALSE,FALSE
"198",8115233,3,FALSE,"202510",FALSE,FALSE,FALSE
"199",8115369,3,FALSE,"202510",FALSE,FALSE,FALSE
"200",8115647,3,FALSE,"202510",FALSE,FALSE,FALSE
"201",8116045,3,FALSE,"202510",FALSE,FALSE,FALSE
"202",8116163,3,FALSE,"202510",FALSE,FALSE,FALSE
"203",8116176,3,FALSE,"202510",FALSE,FALSE,FALSE
"204",8116670,3,FALSE,"202510",FALSE,FALSE,FALSE
"205",8116997,3,FALSE,"202510",FALSE,FALSE,FALSE
"206",8117385,3,FALSE,"202510",FALSE,FALSE,FALSE
"207",8117466,1,FALSE,"202510",FALSE,FALSE,FALSE
"208",8118379,3,FALSE,"202510",FALSE,FALSE,FALSE
"209",8119708,3,FALSE,"202510",FALSE,FALSE,FALSE
"210",8119865,3,FALSE,"202510",FALSE,FALSE,FALSE
"211",8120083,3,FALSE,"202510",FALSE,FALSE,FALSE
"212",8121036,3,FALSE,"202510",FALSE,FALSE,FALSE
"213",8121360,3,FALSE,"202510",FALSE,FALSE,FALSE
"214",8121637,3,FALSE,"202510",FALSE,FALSE,FALSE
"215",8124223,3,FALSE,"202510",FALSE,FALSE,FALSE
"216",8124641,5,FALSE,"202510",FALSE,FALSE,FALSE
"217",8125971,5,FALSE,"202510",FALSE,FALSE,FALSE
"218",8126128,2,FALSE,"202320",FALSE,FALSE,FALSE
"219",8128246,5,FALSE,"202510",FALSE,FALSE,FALSE
"220",8129036,5,FALSE,"202510",FALSE,FALSE,FALSE
"221",8129435,5,FALSE,"202510",TRUE,FALSE,TRUE
"222",8129482,5,FALSE,"202510",FALSE,FALSE,FALSE
"223",8129662,5,FALSE,"202510",FALSE,FALSE,FALSE
"224",8130203,5,FALSE,"202510",FALSE,FALSE,FALSE
"225",8131023,5,FALSE,"202510",FALSE,FALSE,FALSE
"226",8132465,5,FALSE,"202510",FALSE,FALSE,FALSE
"227",8132721,5,FALSE,"202510",FALSE,FALSE,FALSE
"228",8132821,3,FALSE,"202410",FALSE,FALSE,FALSE
"229",8132915,5,FALSE,"202510",FALSE,FALSE,FALSE
"230",8134173,2,FALSE,"202320",FALSE,FALSE,FALSE
"231",8134369,5,FALSE,"202510",FALSE,FALSE,FALSE
"232",8135649,3,FALSE,"202410",FALSE,FALSE,FALSE
"233",8136759,5,FALSE,"202510",FALSE,FALSE,FALSE
"234",8136901,5,FALSE,"202510",FALSE,FALSE,FALSE
"235",8137090,2,FALSE,"202320",FALSE,FALSE,FALSE
"236",8137163,5,FALSE,"202510",FALSE,FALSE,FALSE
"237",8137508,5,FALSE,"202510",FALSE,FALSE,FALSE
"238",8137586,5,FALSE,"202510",FALSE,FALSE,FALSE
"239",8139289,5,FALSE,"202510",FALSE,FALSE,FALSE
"240",8139377,5,FALSE,"202510",FALSE,FALSE,FALSE
"241",8139622,1,FALSE,"202310",FALSE,FALSE,FALSE
"242",8140179,5,FALSE,"202510",FALSE,FALSE,FALSE
"243",8140245,5,FALSE,"202510",FALSE,FALSE,FALSE
"244",8141118,5,FALSE,"202510",FALSE,FALSE,FALSE
"245",8141468,5,FALSE,"202510",FALSE,FALSE,FALSE
"246",8141755,5,FALSE,"202510",FALSE,FALSE,FALSE
"247",8142155,5,FALSE,"202510",FALSE,FALSE,FALSE
"248",8142374,5,FALSE,"202510",FALSE,FALSE,FALSE
"249",8142423,5,FALSE,"202510",FALSE,FALSE,FALSE
"250",8142526,5,FALSE,"202510",FALSE,FALSE,FALSE
"251",8142886,5,FALSE,"202510",FALSE,FALSE,FALSE
"252",8143408,5,FALSE,"202510",FALSE,FALSE,FALSE
"253",8143418,4,FALSE,"202420",FALSE,FALSE,FALSE
"254",8143420,5,FALSE,"202510",FALSE,FALSE,FALSE
"255",8143472,5,FALSE,"202510",FALSE,FALSE,FALSE
"256",8143654,5,FALSE,"202510",FALSE,FALSE,FALSE
"257",8143798,5,FALSE,"202510",FALSE,FALSE,FALSE
"258",8143860,5,FALSE,"202510",FALSE,FALSE,FALSE
"259",8143934,5,FALSE,"202510",FALSE,FALSE,FALSE
"260",8143936,5,FALSE,"202510",FALSE,FALSE,FALSE
"261",8144647,2,FALSE,"202320",FALSE,FALSE,FALSE
"262",8144902,5,FALSE,"202510",TRUE,FALSE,TRUE
"263",8144914,5,FALSE,"202510",FALSE,FALSE,FALSE
"264",8144995,5,FALSE,"202510",FALSE,FALSE,FALSE
"265",8145217,5,FALSE,"202510",FALSE,FALSE,FALSE
"266",8145325,5,FALSE,"202510",FALSE,FALSE,FALSE
"267",8145502,2,FALSE,"202320",FALSE,FALSE,FALSE
"268",8145508,5,FALSE,"202510",FALSE,FALSE,FALSE
"269",8145611,5,FALSE,"202510",FALSE,FALSE,FALSE
"270",8145766,5,FALSE,"202510",FALSE,FALSE,FALSE
"271",8145786,5,FALSE,"202510",FALSE,FALSE,FALSE
"272",8146057,5,FALSE,"202510",FALSE,FALSE,FALSE
"273",8146177,2,FALSE,"202320",FALSE,FALSE,FALSE
"274",8146225,3,FALSE,"202510",FALSE,FALSE,FALSE
"275",8146244,5,FALSE,"202510",FALSE,FALSE,FALSE
"276",8146525,5,FALSE,"202510",FALSE,FALSE,FALSE
"277",8146560,5,FALSE,"202510",FALSE,FALSE,FALSE
"278",8146723,5,FALSE,"202510",FALSE,FALSE,FALSE
"279",8147231,5,FALSE,"202510",FALSE,FALSE,FALSE
"280",8147335,5,FALSE,"202510",FALSE,FALSE,FALSE
"281",8147369,5,FALSE,"202510",FALSE,FALSE,FALSE
"282",8147431,5,FALSE,"202510",FALSE,FALSE,FALSE
"283",8147458,5,FALSE,"202510",FALSE,FALSE,FALSE
"284",8147889,5,FALSE,"202510",FALSE,FALSE,FALSE
"285",8147973,5,FALSE,"202510",FALSE,FALSE,FALSE
"286",8148045,5,FALSE,"202510",FALSE,FALSE,FALSE
"287",8148167,5,FALSE,"202510",FALSE,FALSE,FALSE
"288",8148469,5,FALSE,"202510",FALSE,FALSE,FALSE
"289",8148923,5,FALSE,"202510",FALSE,FALSE,FALSE
"290",8149274,5,FALSE,"202510",FALSE,FALSE,FALSE
"291",8149335,5,FALSE,"202510",TRUE,FALSE,TRUE
"292",8149556,5,FALSE,"202510",FALSE,FALSE,FALSE
"293",8150970,5,FALSE,"202510",FALSE,FALSE,FALSE
"294",8151012,5,FALSE,"202510",FALSE,FALSE,FALSE
"295",8151086,5,FALSE,"202510",FALSE,FALSE,FALSE
"296",8151107,5,FALSE,"202510",FALSE,FALSE,FALSE
"297",8151305,5,FALSE,"202510",FALSE,FALSE,FALSE
"298",8151587,4,FALSE,"202510",FALSE,FALSE,FALSE
"299",8151654,5,FALSE,"202510",FALSE,FALSE,FALSE
"300",8152069,5,FALSE,"202510",FALSE,FALSE,FALSE
"301",8152289,5,FALSE,"202510",FALSE,FALSE,FALSE
"302",8152321,5,FALSE,"202510",FALSE,FALSE,FALSE
"303",8152659,5,FALSE,"202510",FALSE,FALSE,FALSE
"304",8152662,5,FALSE,"202510",FALSE,FALSE,FALSE
"305",8153125,5,FALSE,"202510",FALSE,FALSE,FALSE
"306",8153342,5,FALSE,"202510",FALSE,FALSE,FALSE
"307",8153377,5,FALSE,"202510",FALSE,FALSE,FALSE
"308",8153542,5,FALSE,"202510",FALSE,FALSE,FALSE
"309",8154142,5,FALSE,"202510",FALSE,FALSE,FALSE
"310",8154259,5,FALSE,"202510",FALSE,FALSE,FALSE
"311",8154315,5,FALSE,"202510",FALSE,FALSE,FALSE
"312",8154337,5,FALSE,"202510",FALSE,FALSE,FALSE
"313",8160801,5,FALSE,"202510",FALSE,FALSE,FALSE
"314",8160820,5,FALSE,"202510",FALSE,FALSE,FALSE
"315",8161085,5,FALSE,"202510",FALSE,FALSE,FALSE
"316",8161157,5,FALSE,"202510",FALSE,FALSE,FALSE
"317",8161399,5,FALSE,"202510",FALSE,FALSE,FALSE
"318",8161439,5,FALSE,"202510",FALSE,FALSE,FALSE
"319",8161724,5,FALSE,"202510",FALSE,FALSE,FALSE
"320",8161990,5,FALSE,"202510",FALSE,FALSE,FALSE
"321",8162016,5,FALSE,"202510",FALSE,FALSE,FALSE
"322",8162164,5,FALSE,"202510",FALSE,FALSE,FALSE
"323",8162281,5,FALSE,"202510",FALSE,FALSE,FALSE
"324",8162853,5,FALSE,"202510",FALSE,FALSE,FALSE
"325",8162901,5,FALSE,"202510",FALSE,FALSE,FALSE
"326",8162906,5,FALSE,"202510",FALSE,FALSE,FALSE
"327",8163008,5,FALSE,"202510",FALSE,FALSE,FALSE
"328",8163086,5,FALSE,"202510",FALSE,FALSE,FALSE
"329",8163102,5,FALSE,"202510",FALSE,FALSE,FALSE
"330",8163147,5,FALSE,"202510",FALSE,FALSE,FALSE
"331",8163195,5,FALSE,"202510",FALSE,FALSE,FALSE
"332",8163233,5,FALSE,"202510",FALSE,FALSE,FALSE
"333",8163250,5,FALSE,"202510",FALSE,FALSE,FALSE
"334",8163402,5,FALSE,"202510",FALSE,FALSE,FALSE
"335",8163696,5,FALSE,"202510",FALSE,FALSE,FALSE
"336",8163731,5,FALSE,"202510",FALSE,FALSE,FALSE
"337",8163855,5,FALSE,"202510",FALSE,FALSE,FALSE
"338",8163909,5,FALSE,"202510",FALSE,FALSE,FALSE
"339",8164025,5,FALSE,"202510",FALSE,FALSE,FALSE
"340",8164180,5,FALSE,"202510",FALSE,FALSE,FALSE
"341",8164296,5,FALSE,"202510",TRUE,FALSE,TRUE
"342",8164571,5,FALSE,"202510",FALSE,FALSE,FALSE
"343",8164864,5,FALSE,"202510",FALSE,FALSE,FALSE
"344",8164883,5,FALSE,"202510",FALSE,FALSE,FALSE
"345",8164912,5,FALSE,"202510",FALSE,FALSE,FALSE
"346",8165255,5,FALSE,"202510",FALSE,FALSE,FALSE
"347",8165872,5,FALSE,"202510",FALSE,FALSE,FALSE
"348",8166070,5,FALSE,"202510",FALSE,FALSE,FALSE
"349",8166091,5,FALSE,"202510",FALSE,FALSE,FALSE
"350",8166116,5,FALSE,"202510",FALSE,FALSE,FALSE
"351",8166267,5,FALSE,"202510",FALSE,FALSE,FALSE
"352",8166844,5,FALSE,"202510",FALSE,FALSE,FALSE
"353",8166978,5,FALSE,"202510",FALSE,FALSE,FALSE
"354",8167256,5,FALSE,"202510",FALSE,FALSE,FALSE
"355",8167504,5,FALSE,"202510",FALSE,FALSE,FALSE
"356",8167563,5,FALSE,"202510",FALSE,FALSE,FALSE
"357",8167567,5,FALSE,"202510",FALSE,FALSE,FALSE
"358",8167996,5,FALSE,"202510",FALSE,FALSE,FALSE
"359",8168302,5,FALSE,"202510",FALSE,FALSE,FALSE
"360",8168593,5,FALSE,"202510",FALSE,FALSE,FALSE
"361",8168703,5,FALSE,"202510",FALSE,FALSE,FALSE
"362",8168751,5,FALSE,"202510",FALSE,FALSE,FALSE
"363",8169012,1,FALSE,"202310",FALSE,FALSE,FALSE
"364",8169051,5,FALSE,"202510",FALSE,FALSE,FALSE
"365",8171318,5,FALSE,"202510",FALSE,FALSE,FALSE
"366",8171610,5,FALSE,"202510",FALSE,FALSE,FALSE
"367",8174326,3,FALSE,"202510",FALSE,FALSE,FALSE
"368",8176990,7,FALSE,"202510",FALSE,FALSE,FALSE
"369",8177425,2,FALSE,"202220",FALSE,FALSE,FALSE
"370",8178743,7,FALSE,"202510",TRUE,FALSE,TRUE
"371",8178847,7,FALSE,"202510",FALSE,FALSE,FALSE
"372",8181140,7,FALSE,"202510",TRUE,FALSE,TRUE
"373",8181775,7,FALSE,"202510",TRUE,FALSE,TRUE
"374",8181895,7,FALSE,"202510",FALSE,FALSE,FALSE
"375",8182276,7,FALSE,"202510",TRUE,FALSE,TRUE
"376",8182483,7,FALSE,"202510",TRUE,FALSE,TRUE
"377",8183119,7,FALSE,"202510",FALSE,FALSE,FALSE
"378",8183242,7,FALSE,"202510",FALSE,FALSE,FALSE
"379",8183371,7,FALSE,"202510",TRUE,FALSE,TRUE
"380",8183546,2,FALSE,"202220",FALSE,FALSE,FALSE
"381",8183549,6,FALSE,"202510",FALSE,FALSE,FALSE
"382",8183672,7,FALSE,"202510",TRUE,FALSE,TRUE
"383",8184225,7,FALSE,"202510",TRUE,FALSE,TRUE
"384",8184292,1,FALSE,"202210",FALSE,FALSE,FALSE
"385",8184322,3,FALSE,"202310",FALSE,FALSE,FALSE
"386",8184369,7,FALSE,"202510",TRUE,FALSE,TRUE
"387",8185177,7,FALSE,"202510",FALSE,FALSE,FALSE
"388",8185334,7,FALSE,"202510",TRUE,FALSE,TRUE
"389",8185381,7,FALSE,"202510",TRUE,FALSE,TRUE
"390",8185825,7,FALSE,"202510",TRUE,FALSE,TRUE
"391",8186192,7,FALSE,"202510",TRUE,FALSE,TRUE
"392",8186376,7,FALSE,"202510",TRUE,FALSE,TRUE
"393",8186466,7,FALSE,"202510",TRUE,FALSE,TRUE
"394",8186627,7,FALSE,"202510",FALSE,FALSE,FALSE
"395",8187393,7,FALSE,"202510",TRUE,FALSE,TRUE
"396",8187578,7,FALSE,"202510",TRUE,FALSE,TRUE
"397",8187727,7,FALSE,"202510",FALSE,FALSE,FALSE
"398",8188147,7,FALSE,"202510",FALSE,FALSE,FALSE
"399",8188159,7,FALSE,"202510",TRUE,FALSE,TRUE
"400",8188216,7,FALSE,"202510",TRUE,FALSE,TRUE
"401",8188286,5,FALSE,"202510",FALSE,FALSE,FALSE
"402",8188376,7,FALSE,"202510",TRUE,FALSE,TRUE
"403",8188396,7,FALSE,"202510",TRUE,FALSE,TRUE
"404",8189088,7,FALSE,"202510",TRUE,FALSE,TRUE
"405",8189159,7,FALSE,"202510",TRUE,FALSE,TRUE
"406",8189574,7,FALSE,"202510",FALSE,FALSE,FALSE
"407",8189686,7,FALSE,"202510",TRUE,FALSE,TRUE
"408",8189730,7,FALSE,"202510",TRUE,FALSE,TRUE
"409",8189864,7,FALSE,"202510",TRUE,FALSE,TRUE
"410",8189891,6,FALSE,"202510",FALSE,FALSE,FALSE
"411",8190065,7,FALSE,"202510",TRUE,FALSE,TRUE
"412",8190111,7,FALSE,"202510",FALSE,FALSE,FALSE
"413",8190575,7,FALSE,"202510",TRUE,FALSE,TRUE
"414",8190708,7,FALSE,"202510",TRUE,FALSE,TRUE
"415",8190918,2,FALSE,"202220",FALSE,FALSE,FALSE
"416",8191039,7,FALSE,"202510",TRUE,FALSE,TRUE
"417",8191163,7,FALSE,"202510",TRUE,FALSE,TRUE
"418",8191209,7,FALSE,"202510",TRUE,FALSE,TRUE
"419",8191401,7,FALSE,"202510",TRUE,FALSE,TRUE
"420",8191431,7,FALSE,"202510",TRUE,FALSE,TRUE
"421",8191448,7,FALSE,"202510",TRUE,FALSE,TRUE
"422",8191595,7,FALSE,"202510",TRUE,FALSE,TRUE
"423",8191633,7,FALSE,"202510",TRUE,FALSE,TRUE
"424",8191653,6,FALSE,"202420",TRUE,FALSE,TRUE
"425",8191700,7,FALSE,"202510",TRUE,FALSE,TRUE
"426",8191862,7,FALSE,"202510",TRUE,FALSE,TRUE
"427",8191921,7,FALSE,"202510",TRUE,FALSE,TRUE
"428",8191938,7,FALSE,"202510",TRUE,FALSE,TRUE
"429",8192388,7,FALSE,"202510",TRUE,FALSE,TRUE
"430",8192462,7,FALSE,"202510",TRUE,FALSE,TRUE
"431",8192597,7,FALSE,"202510",TRUE,FALSE,TRUE
"432",8192653,7,FALSE,"202510",TRUE,FALSE,TRUE
"433",8192696,7,FALSE,"202510",TRUE,FALSE,TRUE
"434",8192894,7,FALSE,"202510",TRUE,FALSE,TRUE
"435",8192960,7,FALSE,"202510",TRUE,FALSE,TRUE
"436",8192966,7,FALSE,"202510",TRUE,FALSE,TRUE
"437",8193010,7,FALSE,"202510",FALSE,FALSE,FALSE
"438",8193320,7,FALSE,"202510",TRUE,FALSE,TRUE
"439",8193405,7,FALSE,"202510",TRUE,FALSE,TRUE
"440",8193409,7,FALSE,"202510",TRUE,FALSE,TRUE
"441",8193507,7,FALSE,"202510",TRUE,FALSE,TRUE
"442",8193533,7,FALSE,"202510",TRUE,FALSE,TRUE
"443",8193928,7,FALSE,"202510",TRUE,FALSE,TRUE
"444",8193985,7,FALSE,"202510",TRUE,FALSE,TRUE
"445",8194047,2,FALSE,"202220",FALSE,FALSE,FALSE
"446",8194129,7,FALSE,"202510",FALSE,FALSE,FALSE
"447",8194253,7,FALSE,"202510",TRUE,FALSE,TRUE
"448",8194395,7,FALSE,"202510",TRUE,FALSE,TRUE
"449",8194432,7,FALSE,"202510",FALSE,FALSE,FALSE
"450",8194665,7,FALSE,"202510",TRUE,FALSE,TRUE
"451",8194805,7,FALSE,"202510",TRUE,FALSE,TRUE
"452",8195074,7,FALSE,"202510",FALSE,FALSE,FALSE
"453",8195115,7,FALSE,"202510",TRUE,FALSE,TRUE
"454",8195153,7,FALSE,"202510",TRUE,FALSE,TRUE
"455",8195158,7,FALSE,"202510",TRUE,FALSE,TRUE
"456",8195188,7,FALSE,"202510",TRUE,FALSE,TRUE
"457",8195281,7,FALSE,"202510",TRUE,FALSE,TRUE
"458",8195689,7,FALSE,"202510",TRUE,FALSE,TRUE
"459",8195899,7,FALSE,"202510",TRUE,FALSE,TRUE
"460",8195925,7,FALSE,"202510",TRUE,FALSE,TRUE
"461",8196046,7,FALSE,"202510",TRUE,FALSE,TRUE
"462",8196844,7,FALSE,"202510",TRUE,FALSE,TRUE
"463",8196920,7,FALSE,"202510",TRUE,FALSE,TRUE
"464",8197080,7,FALSE,"202510",TRUE,FALSE,TRUE
"465",8197429,7,FALSE,"202510",FALSE,FALSE,FALSE
"466",8197493,7,FALSE,"202510",TRUE,FALSE,TRUE
"467",8197967,7,FALSE,"202510",TRUE,FALSE,TRUE
"468",8198301,7,FALSE,"202510",TRUE,FALSE,TRUE
"469",8198848,7,FALSE,"202510",TRUE,FALSE,TRUE
"470",8199244,7,FALSE,"202510",TRUE,FALSE,TRUE
"471",8199396,7,FALSE,"202510",TRUE,FALSE,TRUE
"472",8199444,7,FALSE,"202510",TRUE,FALSE,TRUE
"473",8199524,7,FALSE,"202510",TRUE,FALSE,TRUE
"474",8199879,7,FALSE,"202510",FALSE,FALSE,FALSE
"475",8199970,7,FALSE,"202510",TRUE,FALSE,TRUE
"476",8200504,7,FALSE,"202510",TRUE,FALSE,TRUE
"477",8200777,7,FALSE,"202510",FALSE,FALSE,FALSE
"478",8201100,7,FALSE,"202510",TRUE,FALSE,TRUE
"479",8201347,7,FALSE,"202510",TRUE,FALSE,TRUE
"480",8201387,7,FALSE,"202510",TRUE,FALSE,TRUE
"481",8201493,7,FALSE,"202510",TRUE,FALSE,TRUE
"482",8201706,7,FALSE,"202510",TRUE,FALSE,TRUE
"483",8201733,7,FALSE,"202510",TRUE,FALSE,TRUE
"484",8202241,7,FALSE,"202510",TRUE,FALSE,TRUE
"485",8202349,7,FALSE,"202510",TRUE,FALSE,TRUE
"486",8202613,3,FALSE,"202510",FALSE,FALSE,FALSE
"487",8202624,7,FALSE,"202510",TRUE,FALSE,TRUE
"488",8202719,7,FALSE,"202510",FALSE,FALSE,FALSE
"489",8202810,7,FALSE,"202510",TRUE,FALSE,TRUE
"490",8203289,2,FALSE,"202220",FALSE,FALSE,FALSE
"491",8203348,7,FALSE,"202510",TRUE,FALSE,TRUE
"492",8203595,5,FALSE,"202510",FALSE,FALSE,FALSE
"493",8203607,6,FALSE,"202420",FALSE,FALSE,FALSE
"494",8204022,6,FALSE,"202420",TRUE,FALSE,TRUE
"495",8204070,7,FALSE,"202510",TRUE,FALSE,TRUE
"496",8204130,7,FALSE,"202510",TRUE,FALSE,TRUE
"497",8204447,7,FALSE,"202510",TRUE,FALSE,TRUE
"498",8204564,7,FALSE,"202510",TRUE,FALSE,TRUE
"499",8204994,7,FALSE,"202510",TRUE,FALSE,TRUE
"500",8205151,7,FALSE,"202510",TRUE,FALSE,TRUE
"501",8205333,7,FALSE,"202510",TRUE,FALSE,TRUE
"502",8205394,7,FALSE,"202510",TRUE,FALSE,TRUE
"503",8205678,4,FALSE,"202320",FALSE,FALSE,FALSE
"504",8205734,2,FALSE,"202220",FALSE,FALSE,FALSE
"505",8205784,7,FALSE,"202510",TRUE,FALSE,TRUE
"506",8206209,7,FALSE,"202510",TRUE,FALSE,TRUE
"507",8206323,4,FALSE,"202320",FALSE,FALSE,FALSE
"508",8206374,7,FALSE,"202510",TRUE,FALSE,TRUE
"509",8206527,7,FALSE,"202510",TRUE,FALSE,TRUE
"510",8206589,7,FALSE,"202510",TRUE,FALSE,TRUE
"511",8206673,7,FALSE,"202510",TRUE,FALSE,TRUE
"512",8207056,7,FALSE,"202510",TRUE,FALSE,TRUE
"513",8208062,7,FALSE,"202510",TRUE,FALSE,TRUE
"514",8208211,7,FALSE,"202510",TRUE,FALSE,TRUE
"515",8216877,2,FALSE,"202120",FALSE,FALSE,FALSE
"516",8216939,3,FALSE,"202510",FALSE,FALSE,FALSE
"517",8216970,7,FALSE,"202510",TRUE,FALSE,TRUE
"518",8217036,7,FALSE,"202510",TRUE,FALSE,TRUE
"519",8217044,7,FALSE,"202510",TRUE,FALSE,TRUE
"520",8218436,6,FALSE,"202420",TRUE,FALSE,TRUE
"521",8221753,6,FALSE,"202420",TRUE,FALSE,TRUE
"522",8224982,8,TRUE,"202420",TRUE,FALSE,FALSE
"523",8226333,7,FALSE,"202410",TRUE,FALSE,TRUE
"524",8226483,9,FALSE,"202510",TRUE,FALSE,TRUE
"525",8226632,8,TRUE,"202420",TRUE,FALSE,FALSE
"526",8228733,7,FALSE,"202410",TRUE,FALSE,TRUE
"527",8228925,8,TRUE,"202420",TRUE,FALSE,FALSE
"528",8229824,8,TRUE,"202420",TRUE,FALSE,FALSE
"529",8229869,8,TRUE,"202420",TRUE,FALSE,FALSE
"530",8229976,8,TRUE,"202420",TRUE,FALSE,FALSE
"531",8230735,8,TRUE,"202420",TRUE,FALSE,FALSE
"532",8230745,7,FALSE,"202510",FALSE,FALSE,FALSE
"533",8231106,4,FALSE,"202320",TRUE,FALSE,TRUE
"534",8231117,8,TRUE,"202420",TRUE,FALSE,FALSE
"535",8231449,7,FALSE,"202410",TRUE,FALSE,TRUE
"536",8232226,8,TRUE,"202420",TRUE,FALSE,FALSE
"537",8232533,7,FALSE,"202410",TRUE,FALSE,TRUE
"538",8233278,7,FALSE,"202510",TRUE,FALSE,TRUE
"539",8233829,7,FALSE,"202410",TRUE,FALSE,TRUE
"540",8233844,8,TRUE,"202420",TRUE,FALSE,FALSE
"541",8233854,8,TRUE,"202420",TRUE,FALSE,FALSE
"542",8235522,8,TRUE,"202420",TRUE,FALSE,FALSE
"543",8235926,8,TRUE,"202420",TRUE,FALSE,FALSE
"544",8236003,8,TRUE,"202420",TRUE,FALSE,FALSE
"545",8236114,8,TRUE,"202420",TRUE,FALSE,FALSE
"546",8236405,8,TRUE,"202420",TRUE,FALSE,FALSE
"547",8236496,8,TRUE,"202420",TRUE,FALSE,FALSE
"548",8236572,7,FALSE,"202410",TRUE,FALSE,TRUE
"549",8237593,8,TRUE,"202510",TRUE,FALSE,FALSE
"550",8237729,7,FALSE,"202410",TRUE,FALSE,TRUE
"551",8237792,7,FALSE,"202410",TRUE,FALSE,TRUE
"552",8237816,7,FALSE,"202410",TRUE,FALSE,TRUE
"553",8237939,7,FALSE,"202410",TRUE,FALSE,TRUE
"554",8237988,8,TRUE,"202420",TRUE,FALSE,FALSE
"555",8238764,8,TRUE,"202420",TRUE,FALSE,FALSE
"556",8238809,4,FALSE,"202220",FALSE,FALSE,FALSE
"557",8238895,8,TRUE,"202420",TRUE,FALSE,FALSE
"558",8239036,8,TRUE,"202420",TRUE,FALSE,FALSE
"559",8239451,8,TRUE,"202420",TRUE,FALSE,FALSE
"560",8240091,7,FALSE,"202510",TRUE,FALSE,TRUE
"561",8240124,8,TRUE,"202420",TRUE,FALSE,FALSE
"562",8241122,7,FALSE,"202510",TRUE,FALSE,TRUE
"563",8241959,8,TRUE,"202420",TRUE,FALSE,FALSE
"564",8242001,8,TRUE,"202420",TRUE,FALSE,FALSE
"565",8242136,8,TRUE,"202420",TRUE,FALSE,FALSE
"566",8242848,8,TRUE,"202420",TRUE,FALSE,FALSE
"567",8242896,8,TRUE,"202420",TRUE,FALSE,FALSE
"568",8243232,8,TRUE,"202420",TRUE,FALSE,FALSE
"569",8243561,8,TRUE,"202420",TRUE,FALSE,FALSE
"570",8243761,7,FALSE,"202410",TRUE,FALSE,TRUE
"571",8245499,4,FALSE,"202220",FALSE,FALSE,FALSE
"572",8245502,8,TRUE,"202420",TRUE,FALSE,FALSE
"573",8246329,8,TRUE,"202420",TRUE,FALSE,FALSE
"574",8246520,6,FALSE,"202320",TRUE,FALSE,TRUE
"575",8246894,7,FALSE,"202410",TRUE,FALSE,TRUE
"576",8246913,8,TRUE,"202420",TRUE,FALSE,FALSE
"577",8247640,7,FALSE,"202410",TRUE,FALSE,TRUE
"578",8248087,8,TRUE,"202420",TRUE,FALSE,FALSE
"579",8248246,8,TRUE,"202420",TRUE,FALSE,FALSE
"580",8248382,8,TRUE,"202420",TRUE,FALSE,FALSE
"581",8248778,7,FALSE,"202410",TRUE,FALSE,TRUE
"582",8249032,7,FALSE,"202410",TRUE,FALSE,TRUE
"583",8249462,5,FALSE,"202320",FALSE,FALSE,FALSE
"584",8249700,8,TRUE,"202420",TRUE,FALSE,FALSE
"585",8250686,8,TRUE,"202420",TRUE,FALSE,FALSE
"586",8251048,8,TRUE,"202420",TRUE,FALSE,FALSE
"587",8251072,8,TRUE,"202420",TRUE,FALSE,FALSE
"588",8251114,8,TRUE,"202420",TRUE,FALSE,FALSE
"589",8251501,8,TRUE,"202420",TRUE,FALSE,FALSE
"590",8260957,8,TRUE,"202420",TRUE,FALSE,FALSE
"591",8261450,8,TRUE,"202420",TRUE,FALSE,FALSE
"592",8262661,7,FALSE,"202510",TRUE,FALSE,TRUE
"593",8263482,7,FALSE,"202510",TRUE,FALSE,TRUE
"594",8264086,7,FALSE,"202510",TRUE,FALSE,TRUE
"595",8264603,6,FALSE,"202220",TRUE,FALSE,TRUE
"596",8265510,8,TRUE,"202320",TRUE,FALSE,FALSE
"597",8266656,8,TRUE,"202320",TRUE,FALSE,FALSE
"598",8268360,8,TRUE,"202320",TRUE,FALSE,FALSE
"599",8273273,8,TRUE,"202320",TRUE,FALSE,FALSE
"600",8274007,8,TRUE,"202320",TRUE,FALSE,FALSE
"601",8274526,8,TRUE,"202320",TRUE,FALSE,FALSE
"602",8275768,8,TRUE,"202320",TRUE,FALSE,FALSE
"603",8275990,8,TRUE,"202320",TRUE,FALSE,FALSE
"604",8276788,8,TRUE,"202320",TRUE,FALSE,FALSE
"605",8276875,8,TRUE,"202320",TRUE,FALSE,FALSE
"606",8276925,8,TRUE,"202320",TRUE,FALSE,FALSE
"607",8277031,8,TRUE,"202420",TRUE,FALSE,FALSE
"608",8277355,8,TRUE,"202410",TRUE,FALSE,FALSE
"609",8277469,9,FALSE,"202410",TRUE,FALSE,TRUE
"610",8278735,7,FALSE,"202310",TRUE,FALSE,TRUE
"611",8278739,8,TRUE,"202320",TRUE,FALSE,FALSE
"612",8279077,8,TRUE,"202320",TRUE,FALSE,FALSE
"613",8279285,8,TRUE,"202320",TRUE,FALSE,FALSE
"614",8279703,8,TRUE,"202320",TRUE,FALSE,FALSE
"615",8280063,8,TRUE,"202320",TRUE,FALSE,FALSE
"616",8280174,8,TRUE,"202320",TRUE,FALSE,FALSE
"617",8280433,8,TRUE,"202320",TRUE,FALSE,FALSE
"618",8280700,8,TRUE,"202320",TRUE,FALSE,FALSE
"619",8281275,8,TRUE,"202320",TRUE,FALSE,FALSE
"620",8281767,10,FALSE,"202420",TRUE,FALSE,TRUE
"621",8281982,8,TRUE,"202320",TRUE,FALSE,FALSE
"622",8282747,8,TRUE,"202320",TRUE,FALSE,FALSE
"623",8282974,8,TRUE,"202320",TRUE,FALSE,FALSE
"624",8283170,8,TRUE,"202320",TRUE,FALSE,FALSE
"625",8283359,8,TRUE,"202320",TRUE,FALSE,FALSE
"626",8283387,8,TRUE,"202320",TRUE,FALSE,FALSE
"627",8284065,8,TRUE,"202320",TRUE,FALSE,FALSE
"628",8284203,8,TRUE,"202320",TRUE,FALSE,FALSE
"629",8284510,8,TRUE,"202320",TRUE,FALSE,FALSE
"630",8284604,8,TRUE,"202410",TRUE,FALSE,FALSE
"631",8284681,8,TRUE,"202320",TRUE,FALSE,FALSE
"632",8285262,6,FALSE,"202220",TRUE,FALSE,TRUE
"633",8285592,8,TRUE,"202320",FALSE,TRUE,FALSE
"634",8286290,8,TRUE,"202320",TRUE,FALSE,FALSE
"635",8286362,8,TRUE,"202320",TRUE,FALSE,FALSE
"636",8286386,8,TRUE,"202320",TRUE,FALSE,FALSE
"637",8286870,8,TRUE,"202320",TRUE,FALSE,FALSE
"638",8287137,8,TRUE,"202320",TRUE,FALSE,FALSE
"639",8287192,8,TRUE,"202320",TRUE,FALSE,FALSE
"640",8287397,8,TRUE,"202320",TRUE,FALSE,FALSE
"641",8287473,8,TRUE,"202320",TRUE,FALSE,FALSE
"642",8287518,8,TRUE,"202320",TRUE,FALSE,FALSE
"643",8287549,8,TRUE,"202320",TRUE,FALSE,FALSE
"644",8288226,8,TRUE,"202320",TRUE,FALSE,FALSE
"645",8288383,8,TRUE,"202320",TRUE,FALSE,FALSE
"646",8288701,8,TRUE,"202320",TRUE,FALSE,FALSE
"647",8289349,4,FALSE,"202120",FALSE,FALSE,FALSE
"648",8289645,8,TRUE,"202320",TRUE,FALSE,FALSE
"649",8289763,8,TRUE,"202320",TRUE,FALSE,FALSE
"650",8289855,8,TRUE,"202320",TRUE,FALSE,FALSE
"651",8290249,8,TRUE,"202320",TRUE,FALSE,FALSE
"652",8290276,8,TRUE,"202320",TRUE,FALSE,FALSE
"653",8290339,8,TRUE,"202320",TRUE,FALSE,FALSE
"654",8290855,8,TRUE,"202320",TRUE,FALSE,FALSE
"655",8291190,8,TRUE,"202320",TRUE,FALSE,FALSE
"656",8291384,7,FALSE,"202310",TRUE,FALSE,TRUE
"657",8291591,6,FALSE,"202220",TRUE,FALSE,TRUE
"658",8292332,8,TRUE,"202320",TRUE,FALSE,FALSE
"659",8292442,8,TRUE,"202320",TRUE,FALSE,FALSE
"660",8292446,8,TRUE,"202320",TRUE,FALSE,FALSE
"661",8293553,8,TRUE,"202320",TRUE,FALSE,FALSE
"662",8293617,8,TRUE,"202320",TRUE,FALSE,FALSE
"663",8293789,8,TRUE,"202320",TRUE,FALSE,FALSE
"664",8293990,8,TRUE,"202320",TRUE,FALSE,FALSE
"665",8294257,8,TRUE,"202320",TRUE,FALSE,FALSE
"666",8294329,8,TRUE,"202320",TRUE,FALSE,FALSE
"667",8294533,8,TRUE,"202320",TRUE,FALSE,FALSE
"668",8294677,6,FALSE,"202220",TRUE,FALSE,TRUE
"669",8294785,8,TRUE,"202320",TRUE,FALSE,FALSE
"670",8295097,8,TRUE,"202320",TRUE,FALSE,FALSE
"671",8295458,4,FALSE,"202120",FALSE,FALSE,FALSE
"672",8295572,8,TRUE,"202320",TRUE,FALSE,FALSE
"673",8295624,7,FALSE,"202310",TRUE,FALSE,TRUE
"674",8296019,8,TRUE,"202320",TRUE,FALSE,FALSE
"675",8296091,8,TRUE,"202320",TRUE,FALSE,FALSE
"676",8304284,8,TRUE,"202320",TRUE,FALSE,FALSE
"677",8304959,7,FALSE,"202510",TRUE,FALSE,TRUE
"678",8305176,10,FALSE,"202420",TRUE,FALSE,TRUE
"679",8305468,6,FALSE,"202220",TRUE,FALSE,TRUE
"680",8305795,8,TRUE,"202420",TRUE,FALSE,FALSE
"681",8309047,8,TRUE,"202220",TRUE,FALSE,FALSE
"682",8309126,9,FALSE,"202310",TRUE,FALSE,TRUE
"683",8311146,8,TRUE,"202220",TRUE,FALSE,FALSE
"684",8311871,8,TRUE,"202220",TRUE,FALSE,FALSE
"685",8313151,8,TRUE,"202220",TRUE,FALSE,FALSE
"686",8313455,8,TRUE,"202220",TRUE,FALSE,FALSE
"687",8314453,8,TRUE,"202220",TRUE,FALSE,FALSE
"688",8314754,8,TRUE,"202220",TRUE,FALSE,FALSE
"689",8315620,9,FALSE,"202310",TRUE,FALSE,TRUE
"690",8317414,9,FALSE,"202310",TRUE,FALSE,TRUE
"691",8317791,8,TRUE,"202220",TRUE,FALSE,FALSE
"692",8318030,8,TRUE,"202220",TRUE,FALSE,FALSE
"693",8318744,8,TRUE,"202220",TRUE,FALSE,FALSE
"694",8319115,8,TRUE,"202220",TRUE,FALSE,FALSE
"695",8319933,8,TRUE,"202220",TRUE,FALSE,FALSE
"696",8320803,8,TRUE,"202220",TRUE,FALSE,FALSE
"697",8321660,8,TRUE,"202220",TRUE,FALSE,FALSE
"698",8321894,8,TRUE,"202220",TRUE,FALSE,FALSE
"699",8323387,8,TRUE,"202220",TRUE,FALSE,FALSE
"700",8323830,8,TRUE,"202220",TRUE,FALSE,FALSE
"701",8324656,8,TRUE,"202220",TRUE,FALSE,FALSE
"702",8325028,8,TRUE,"202220",TRUE,FALSE,FALSE
"703",8325151,10,FALSE,"202320",TRUE,FALSE,TRUE
"704",8325515,8,TRUE,"202220",TRUE,FALSE,FALSE
"705",8326128,9,FALSE,"202310",TRUE,FALSE,TRUE
"706",8326382,8,TRUE,"202220",TRUE,FALSE,FALSE
"707",8327017,8,TRUE,"202220",TRUE,FALSE,FALSE
"708",8327627,8,TRUE,"202220",TRUE,FALSE,FALSE
"709",8328843,8,TRUE,"202220",TRUE,FALSE,FALSE
"710",8328875,8,TRUE,"202220",TRUE,FALSE,FALSE
"711",8329214,8,TRUE,"202220",TRUE,FALSE,FALSE
"712",8329631,8,TRUE,"202220",TRUE,FALSE,FALSE
"713",8330104,8,TRUE,"202220",TRUE,FALSE,FALSE
"714",8330667,8,TRUE,"202220",TRUE,FALSE,FALSE
"715",8332131,8,TRUE,"202220",TRUE,FALSE,FALSE
"716",8332243,8,TRUE,"202220",TRUE,FALSE,FALSE
"717",8332399,7,FALSE,"202210",TRUE,FALSE,TRUE
"718",8332566,8,TRUE,"202220",TRUE,FALSE,FALSE
"719",8332809,8,TRUE,"202220",TRUE,FALSE,FALSE
"720",8332899,8,TRUE,"202220",TRUE,FALSE,FALSE
"721",8332921,9,FALSE,"202310",TRUE,FALSE,TRUE
"722",8333381,8,TRUE,"202220",TRUE,FALSE,FALSE
"723",8333453,8,TRUE,"202220",TRUE,FALSE,FALSE
"724",8333646,8,TRUE,"202220",TRUE,FALSE,FALSE
"725",8334557,8,TRUE,"202220",TRUE,FALSE,FALSE
"726",8335143,6,FALSE,"202120",TRUE,FALSE,TRUE
"727",8336578,8,TRUE,"202220",TRUE,FALSE,FALSE
"728",8338269,8,TRUE,"202220",TRUE,FALSE,FALSE
"729",8338485,8,TRUE,"202220",TRUE,FALSE,FALSE
"730",8338893,8,TRUE,"202220",TRUE,FALSE,FALSE
"731",8339022,10,FALSE,"202320",TRUE,FALSE,TRUE
"732",8339335,8,TRUE,"202220",TRUE,FALSE,FALSE
"733",8339550,8,TRUE,"202220",TRUE,FALSE,FALSE
"734",8339919,8,TRUE,"202220",TRUE,FALSE,FALSE
"735",8340310,8,TRUE,"202220",TRUE,FALSE,FALSE
"736",8340355,6,FALSE,"202120",TRUE,FALSE,TRUE
"737",8340511,8,TRUE,"202220",TRUE,FALSE,FALSE
"738",8340526,8,TRUE,"202220",TRUE,FALSE,FALSE
"739",8342493,8,TRUE,"202220",TRUE,FALSE,FALSE
"740",8350002,7,FALSE,"202110",TRUE,FALSE,TRUE
"741",8350888,9,FALSE,"202310",TRUE,FALSE,TRUE
"742",8351630,8,TRUE,"202220",TRUE,FALSE,FALSE
"743",8354482,8,TRUE,"202120",TRUE,FALSE,FALSE
"744",8354519,8,TRUE,"202120",TRUE,FALSE,FALSE
"745",8355890,8,TRUE,"202120",TRUE,FALSE,FALSE
"746",8357001,10,FALSE,"202220",TRUE,FALSE,TRUE
"747",8358602,8,TRUE,"202120",TRUE,FALSE,FALSE
"748",8359278,7,FALSE,"202120",TRUE,FALSE,TRUE
"749",8359870,6,FALSE,"202020",TRUE,FALSE,TRUE
"750",8362430,4,FALSE,"201920",FALSE,FALSE,FALSE
"751",8364375,8,TRUE,"202120",TRUE,FALSE,FALSE
"752",8365108,8,TRUE,"202120",TRUE,FALSE,FALSE
"753",8365422,8,TRUE,"202120",TRUE,FALSE,FALSE
"754",8365711,8,TRUE,"202120",TRUE,FALSE,FALSE
"755",8366174,8,TRUE,"202120",TRUE,FALSE,FALSE
"756",8366385,8,TRUE,"202120",TRUE,FALSE,FALSE
"757",8366918,8,TRUE,"202120",TRUE,FALSE,FALSE
"758",8367035,8,TRUE,"202120",TRUE,FALSE,FALSE
"759",8367545,8,TRUE,"202120",TRUE,FALSE,FALSE
"760",8367894,8,TRUE,"202120",TRUE,FALSE,FALSE
"761",8367944,8,TRUE,"202120",TRUE,FALSE,FALSE
"762",8367955,8,TRUE,"202120",TRUE,FALSE,FALSE
"763",8368057,8,TRUE,"202120",TRUE,FALSE,FALSE
"764",8368109,8,TRUE,"202120",TRUE,FALSE,FALSE
"765",8368121,7,FALSE,"202110",TRUE,FALSE,TRUE
"766",8368719,7,FALSE,"202110",TRUE,FALSE,TRUE
"767",8369044,10,FALSE,"202310",TRUE,FALSE,TRUE
"768",8369067,8,TRUE,"202120",TRUE,FALSE,FALSE
"769",8369564,8,TRUE,"202120",TRUE,FALSE,FALSE
"770",8370335,8,TRUE,"202120",TRUE,FALSE,FALSE
"771",8370460,8,TRUE,"202120",TRUE,FALSE,FALSE
"772",8371569,8,TRUE,"202120",TRUE,FALSE,FALSE
"773",8371719,8,TRUE,"202120",TRUE,FALSE,FALSE
"774",8371741,8,TRUE,"202120",TRUE,FALSE,FALSE
"775",8372215,8,TRUE,"202120",TRUE,FALSE,FALSE
"776",8372318,8,TRUE,"202120",TRUE,FALSE,FALSE
"777",8372669,8,TRUE,"202120",TRUE,FALSE,FALSE
"778",8372995,8,TRUE,"202120",TRUE,FALSE,FALSE
"779",8373328,8,TRUE,"202120",FALSE,TRUE,FALSE
"780",8373418,8,TRUE,"202120",TRUE,FALSE,FALSE
"781",8373628,8,TRUE,"202120",TRUE,FALSE,FALSE
"782",8373905,8,TRUE,"202120",TRUE,FALSE,FALSE
"783",8374059,7,FALSE,"202110",TRUE,FALSE,TRUE
"784",8375640,7,FALSE,"202220",TRUE,FALSE,TRUE
"785",8376010,8,TRUE,"202120",TRUE,FALSE,FALSE
"786",8376089,8,TRUE,"202120",TRUE,FALSE,FALSE
"787",8377320,8,TRUE,"202120",TRUE,FALSE,FALSE
"788",8377418,8,TRUE,"202120",TRUE,FALSE,FALSE
"789",8377632,8,TRUE,"202120",TRUE,FALSE,FALSE
"790",8377653,8,TRUE,"202120",TRUE,FALSE,FALSE
"791",8378332,8,TRUE,"202120",TRUE,FALSE,FALSE
"792",8379553,8,TRUE,"202120",TRUE,FALSE,FALSE
"793",8379931,8,TRUE,"202120",TRUE,FALSE,FALSE
"794",8380034,8,TRUE,"202120",TRUE,FALSE,FALSE
"795",8380912,8,TRUE,"202120",TRUE,FALSE,FALSE
"796",8381137,8,TRUE,"202120",TRUE,FALSE,FALSE
"797",8381513,8,TRUE,"202120",TRUE,FALSE,FALSE
"798",8381924,8,TRUE,"202120",TRUE,FALSE,FALSE
"799",8382026,8,TRUE,"202120",TRUE,FALSE,FALSE
"800",8382476,8,TRUE,"202120",TRUE,FALSE,FALSE
"801",8382573,8,TRUE,"202120",TRUE,FALSE,FALSE
"802",8382893,8,TRUE,"202120",TRUE,FALSE,FALSE
"803",8383258,8,TRUE,"202120",TRUE,FALSE,FALSE
"804",8383490,8,TRUE,"202120",TRUE,FALSE,FALSE
"805",8383906,9,FALSE,"202210",TRUE,FALSE,TRUE
"806",8384345,8,TRUE,"202120",TRUE,FALSE,FALSE
"807",8384407,8,TRUE,"202120",TRUE,FALSE,FALSE
"808",8384659,9,FALSE,"202210",TRUE,FALSE,TRUE
"809",8385193,8,TRUE,"202120",TRUE,FALSE,FALSE
"810",8385483,8,TRUE,"202120",TRUE,FALSE,FALSE
"811",8385730,8,TRUE,"202120",TRUE,FALSE,FALSE
"812",8386138,8,TRUE,"202120",TRUE,FALSE,FALSE
"813",8386377,9,FALSE,"202210",TRUE,FALSE,TRUE
"814",8388086,8,TRUE,"202120",TRUE,FALSE,FALSE
"815",8388254,8,TRUE,"202120",TRUE,FALSE,FALSE
"816",8388320,4,FALSE,"201920",FALSE,FALSE,FALSE
"817",8389082,8,TRUE,"202120",TRUE,FALSE,FALSE
"818",8389477,8,TRUE,"202120",TRUE,FALSE,FALSE
"819",8397628,8,TRUE,"202120",TRUE,FALSE,FALSE
"820",8398101,8,TRUE,"202120",TRUE,FALSE,FALSE
"821",8398122,8,TRUE,"202120",TRUE,FALSE,FALSE
"822",8398216,8,TRUE,"202120",TRUE,FALSE,FALSE
"823",8398224,8,TRUE,"202220",TRUE,FALSE,FALSE
"824",8398240,7,FALSE,"202110",TRUE,FALSE,TRUE
"825",8398291,8,TRUE,"202120",TRUE,FALSE,FALSE
"826",8398303,8,TRUE,"202220",TRUE,FALSE,FALSE
"827",8398361,8,TRUE,"202120",TRUE,FALSE,FALSE
"828",8398381,8,TRUE,"202120",TRUE,FALSE,FALSE
"829",8401257,8,TRUE,"202120",TRUE,FALSE,FALSE
"830",8429284,6,FALSE,"202020",TRUE,FALSE,TRUE
"831",8458965,8,TRUE,"201920",TRUE,FALSE,FALSE
"832",8476995,8,TRUE,"201920",TRUE,FALSE,FALSE
"833",8521298,8,TRUE,"201820",TRUE,FALSE,FALSE
"834",8521862,12,FALSE,"201820",TRUE,FALSE,TRUE
