"","Student ID","Term Code","Degree Type","Degree","Major","Student Division Code","Student Department Code","Semesters to Degree Average","AW - Major Count"
"1","8129435","202520","Bachelor","B.S. in Business","Business Analytics","FSB","ISA",6,1
"2","8144902","202520","Bachelor","B.S. in Business","Business Analytics","FSB","ISA",6,1
"3",NA,NA,NA,NA,"Marketing","FSB","MKT",6,1
"4","8149335","202520","Bachelor","B.S. in Business","Business Analytics","FSB","ISA",6,1
"5","8164296","202520","Bachelor","B.S. in Business","Business Analytics","FSB","ISA",6,1
"6",NA,NA,NA,NA,"Human Capital Mgmt& Leadership","FSB","MGT",6,1
"7","8178743","202520","Bachelor","B.S. in Business","Business Analytics","FSB","ISA",8,1
"8","8181140","202520","Bachelor","B.S. in Business","Business Analytics","FSB","ISA",8,1
"9",NA,NA,NA,NA,"Finance","FSB","FIN",8,1
"10","8181775","202520","Bachelor","B.S. in Business","Business Analytics","FSB","ISA",8,1
"11",NA,NA,NA,NA,"Marketing","FSB","MKT",8,1
"12","8182276","202520","Bachelor","B.S. in Business","Business Analytics","FSB","ISA",8,1
"13","8182483","202520","Bachelor","B.S. in Business","Accountancy","FSB","ACC",8,1
"14",NA,NA,NA,NA,"Business Analytics","FSB","ISA",8,1
"15","8183371","202515","Bachelor","B.S. in Business","Business Analytics","FSB","ISA",7,1
"16","8183672","202520","Bachelor","B.S. in Business","Business Analytics","FSB","ISA",8,1
"17",NA,NA,NA,NA,"Business Economics","FSB","ECO",8,1
"18","8184225","202510","Bachelor","B.S. in Business","Business Analytics","FSB","ISA",7,1
"19","8184369","202510","Bachelor","B.S. in Business","Marketing","FSB","MKT",7,1
"20","8185334","202515","Bachelor","B.S. in Business","Business Analytics","FSB","ISA",7,1
"21","8185381","202520","Bachelor","B.S. in Business","Business Analytics","FSB","ISA",8,1
"22",NA,NA,NA,NA,"Finance","FSB","FIN",8,1
"23","8185825","202520","Bachelor","B.S. in Business","Business Analytics","FSB","ISA",8,1
"24","8186192","202520","Bachelor","B.S. in Business","Business Analytics","FSB","ISA",8,1
"25",NA,NA,NA,NA,"Entrepreneurship","FSB","ESP",8,1
"26","8186376","202520","Bachelor","B.S. in Computer Science","Analytics","*NSD","*NSD",8,1
"27",NA,NA,NA,NA,"Computer Science","CEC","CSE",8,1
"28","8186466","202520","Bachelor","B.S. in Business","Business Analytics","FSB","ISA",8,1
"29","8187393","202520","Bachelor","B.S. in Business","Supply Chain & Operations Mgmt","FSB","MGT",8,1
"30","8187578","202515","Bachelor","B.S. in Business","Business Analytics","FSB","ISA",7,1
"31","8188159","202520","Bachelor","B.S. in Business","Finance","FSB","FIN",8,1
"32","8188216","202520","Bachelor","B.S. in Business","Finance","FSB","FIN",8,1
"33","8188376","202520","Bachelor","B.S. in Business","Marketing","FSB","MKT",8,1
"34","8188396","202520","Bachelor","B.S. in Business","Supply Chain & Operations Mgmt","FSB","MGT",8,1
"35","8189088","202510","Bachelor","B.S. in Business","Accountancy","FSB","ACC",7,1
"36","8189159","202520","Bachelor","B.S. in Business","Marketing","FSB","MKT",8,1
"37","8189686","202510","Bachelor","B.S. in Business","Business Analytics","FSB","ISA",7,1
"38","8189730","202520","Bachelor","B.S. in Business","Business Analytics","FSB","ISA",8,1
"39",NA,NA,NA,"Bachelor of Arts","Spanish","CAS","SPN",8,1
"40","8189864","202520","Bachelor","B.S. in Business","Marketing","FSB","MKT",8,1
"41","8190065","202520","Bachelor","B.S. in Business","Business Analytics","FSB","ISA",8,1
"42","8190575","202520","Bachelor","B.S. in Business","Finance","FSB","FIN",8,1
"43","8190708","202510","Bachelor","B.S. in Business","Accountancy","FSB","ACC",7,1
"44","8191039","202520","Bachelor","B.S. in Business","Human Capital Mgmt& Leadership","FSB","MGT",8,1
"45","8191163","202515","Bachelor","B.S. in Business","Business Analytics","FSB","ISA",7,1
"46",NA,NA,NA,NA,"Finance","FSB","FIN",7,1
"47","8191209","202520","Bachelor","B.S. in Business","Supply Chain & Operations Mgmt","FSB","MGT",8,1
"48","8191401","202520","Bachelor","B.S. in Business","Finance","FSB","FIN",8,1
"49","8191431","202520","Bachelor","B.S. in Business","Marketing","FSB","MKT",8,1
"50","8191448","202520","Bachelor","B.S. in Business","Business Analytics","FSB","ISA",8,1
"51",NA,NA,NA,NA,"Marketing","FSB","MKT",8,1
"52","8191595","202520","Bachelor","B.S. in Business","Finance","FSB","FIN",8,1
"53","8191633","202510","Bachelor","B.S. in Business","Accountancy","FSB","ACC",7,1
"54","8191653","202420","Bachelor","B.S. in Business","Business Analytics","FSB","ISA",6,1
"55","8191700","202520","Bachelor","B.S. in Business","Business Analytics","FSB","ISA",8,1
"56",NA,NA,NA,NA,"Finance","FSB","FIN",8,1
"57","8191862","202515","Bachelor","B.S. in Business","Business Analytics","FSB","ISA",7,1
"58","8191921","202520","Bachelor","B.S. in Business","Business Analytics","FSB","ISA",8,1
"59",NA,NA,NA,NA,"Supply Chain & Operations Mgmt","FSB","MGT",8,1
"60","8191938","202520","Bachelor","B.S. in Business","Supply Chain & Operations Mgmt","FSB","MGT",8,1
"61","8192388","202515","Bachelor","B.S. in Business","Business Analytics","FSB","ISA",7,1
"62","8192462","202515","Bachelor","B.S. in Business","Business Analytics","FSB","ISA",7,1
"63","8192597","202520","Bachelor","B.S. in Business","Finance","FSB","FIN",8,1
"64","8192653","202520","Bachelor","B.S. in Business","Business Analytics","FSB","ISA",8,1
"65","8192696","202520","Bachelor","B.S. in Business","Supply Chain & Operations Mgmt","FSB","MGT",8,1
"66","8192894","202520","Bachelor","B.S. in Business","Business Analytics","FSB","ISA",8,1
"67","8192960","202510","Bachelor","B.S. in Business","Business Analytics","FSB","ISA",7,1
"68","8192966","202520","Bachelor","B.S. in Business","Accountancy","FSB","ACC",8,1
"69",NA,NA,NA,NA,"Business Analytics","FSB","ISA",8,1
"70","8193320","202520","Bachelor","B.S. in Business","Business Analytics","FSB","ISA",8,1
"71","8193405","202520","Bachelor","B.S. in Business","Business Analytics","FSB","ISA",8,1
"72","8193409","202520","Bachelor","B.S. in Business","Business Analytics","FSB","ISA",8,1
"73","8193507","202520","Bachelor","B.S. in Business","Business Analytics","FSB","ISA",8,1
"74","8193533","202510","Bachelor","B.S. in Business","Business Analytics","FSB","ISA",7,1
"75","8193928","202520","Bachelor","B.S. in Business","Business Analytics","FSB","ISA",8,1
"76","8193985","202520","Bachelor","B.S. in Business","Finance","FSB","FIN",8,1
"77","8194253","202520","Bachelor","B.S. in Business","Business Analytics","FSB","ISA",8,1
"78",NA,NA,NA,NA,"Information&Cybersec Mgt","FSB","ISA",8,1
"79","8194395","202520","Bachelor","B.S. in Business","Finance","FSB","FIN",8,1
"80","8194665","202520","Bachelor","B.S. in Business","Finance","FSB","FIN",8,1
"81","8194805","202520","Bachelor","B.S. in Business","Business Analytics","FSB","ISA",8,1
"82",NA,NA,NA,NA,"Marketing","FSB","MKT",8,1
"83","8195115","202520","Bachelor","B.S. in Business","Marketing","FSB","MKT",8,1
"84","8195153","202510","Bachelor","B.S. in Business","Business Analytics","FSB","ISA",7,1
"85","8195158","202520","Bachelor","B.S. in Business","Business Economics","FSB","ECO",8,1
"86","8195188","202520","Bachelor","B.S. in Business","Business Analytics","FSB","ISA",8,1
"87","8195281","202520","Bachelor","B.S. in Business","Business Analytics","FSB","ISA",8,1
"88","8195689","202520","Bachelor","B.S. in Business","Finance","FSB","FIN",8,1
"89","8195899","202520","Bachelor","B.S. in Business","Business Analytics","FSB","ISA",8,1
"90","8195925","202520","Bachelor","B.S. in Business","Business Analytics","FSB","ISA",8,1
"91","8196046","202520","Bachelor","B.S. in Business","Business Analytics","FSB","ISA",8,1
"92","8196844","202520","Bachelor","B.S. in Business","Finance","FSB","FIN",8,1
"93","8196920","202520","Bachelor","B.S. in Business","Business Analytics","FSB","ISA",8,1
"94","8197080","202520","Bachelor","B.S. in Business","Environmental Science","CAS","IES",8,1
"95",NA,NA,NA,NA,"Marketing","FSB","MKT",8,1
"96","8197493","202520","Bachelor","B.S. in Business","Business Analytics","FSB","ISA",8,1
"97","8197967","202520","Bachelor","B.S. in Business","Marketing","FSB","MKT",8,1
"98","8198301","202520","Bachelor","B.S. in Business","Business Analytics","FSB","ISA",8,1
"99","8198848","202520","Bachelor","B.S. in Business","Business Analytics","FSB","ISA",8,1
"100","8199244","202520","Bachelor","B.S. in Business","Business Analytics","FSB","ISA",8,1
"101","8199396","202520","Bachelor","B.S. in Business","Marketing","FSB","MKT",8,1
"102","8199444","202520","Bachelor","B.S. in Business","Business Analytics","FSB","ISA",8,1
"103","8199524","202520","Bachelor","B.S. in Business","Business Analytics","FSB","ISA",8,1
"104","8199970","202520","Bachelor","B.S. in Business","Business Analytics","FSB","ISA",8,1
"105","8200504","202520","Bachelor","B.S. in Business","Business Analytics","FSB","ISA",8,1
"106",NA,NA,NA,NA,"Finance","FSB","FIN",8,1
"107","8201100","202520","Bachelor","B.S. in Business","Business Analytics","FSB","ISA",8,1
"108",NA,NA,NA,NA,"Information&Cybersec Mgt","FSB","ISA",8,1
"109","8201347","202520","Bachelor","B.S. in Business","Business Analytics","FSB","ISA",8,1
"110",NA,NA,NA,NA,"Finance","FSB","FIN",8,1
"111","8201387","202520","Bachelor","B.S. in Business","Accountancy","FSB","ACC",8,1
"112",NA,NA,NA,NA,"Business Analytics","FSB","ISA",8,1
"113","8201493","202520","Bachelor","B.S. in Business","Finance","FSB","FIN",8,1
"114","8201706","202520","Bachelor","B.S. in Computer Science","Computer Science","CEC","CSE",8,1
"115","8201733","202520","Bachelor","B.S. in Business","Finance","FSB","FIN",8,1
"116","8202241","202515","Bachelor","B.S. in Business","Business Analytics","FSB","ISA",7,1
"117","8202349","202520","Bachelor","B.S. in Business","Accountancy","FSB","ACC",8,1
"118","8202624","202520","Bachelor","B.S. in Business","Human Capital Mgmt& Leadership","FSB","MGT",8,1
"119","8202810","202520","Bachelor","B.S. in Business","Finance","FSB","FIN",8,1
"120","8203348","202510","Bachelor","B.S. in Business","Business Analytics","FSB","ISA",7,1
"121","8204022","202420","Bachelor","Bachelor of Arts","English Studies","CLAAS","LLW",6,1
"122","8204070","202520","Bachelor","B.S. in Business","Information&Cybersec Mgt","FSB","ISA",8,1
"123","8204130","202520","Bachelor","B.S. in Business","Finance","FSB","FIN",8,1
"124","8204447","202520","Bachelor","B.S. in Business","Business Analytics","FSB","ISA",8,1
"125","8204564","202520","Bachelor","B.S. in Business","Business Analytics","FSB","ISA",8,1
"126",NA,NA,NA,NA,"Finance","FSB","FIN",8,1
"127","8204994","202520","Bachelor","B.S. in Business","Accountancy","FSB","ACC",8,1
"128","8205151","202520","Bachelor","B.S. in Business","Business Analytics","FSB","ISA",8,1
"129",NA,NA,NA,"BA Emer Tech Bus & Design","Emerging Tech:Business&Design","CCA","IMS",8,1
"130","8205333","202520","Bachelor","B.S. in Business","Accountancy","FSB","ACC",8,1
"131",NA,NA,NA,NA,"Business Analytics","FSB","ISA",8,1
"132","8205394","202520","Bachelor","B.S. in Business","Business Analytics","FSB","ISA",8,1
"133","8205784","202520","Bachelor","B.S. in Business","Business Analytics","FSB","ISA",8,1
"134","8206209","202520","Bachelor","B.S. in Business","Marketing","FSB","MKT",8,1
"135","8206374","202520","Bachelor","B.S. in Business","Finance","FSB","FIN",8,1
"136","8206527","202520","Bachelor","B.S. in Business","Accountancy","FSB","ACC",8,1
"137",NA,NA,NA,NA,"Business Economics","FSB","ECO",8,1
"138","8206589","202520","Bachelor","B.S. in Business","Marketing","FSB","MKT",8,1
"139","8206673","202520","Bachelor","B.S. in Business","Finance","FSB","FIN",8,1
"140","8207056","202520","Bachelor","B.S. in Business","Marketing","FSB","MKT",8,1
"141","8208062","202520","Bachelor","B.S. in Business","Business Analytics","FSB","ISA",8,1
"142","8208211","202520","Bachelor","B.S. in Business","Business Analytics","FSB","ISA",8,1
"143",NA,NA,NA,NA,"Information&Cybersec Mgt","FSB","ISA",8,1
"144","8216970","202520","Bachelor","B.S. in Business","Business Analytics","FSB","ISA",8,1
"145","8217036","202520","Bachelor","B.S. in Business","Business Analytics","FSB","ISA",8,1
"146",NA,NA,NA,NA,"Finance","FSB","FIN",8,1
"147","8217044","202520","Bachelor","B.S. in Business","Business Analytics","FSB","ISA",8,1
"148","8218436","202420","Bachelor","B.S. in Business","Human Capital Mgmt& Leadership","FSB","MGT",6,1
"149","8221753","202420","Bachelor","B.S. in Business","Supply Chain & Operations Mgmt","FSB","MGT",6,1
"150","8224982","202420","Bachelor","B.S. in Business","Business Analytics","FSB","ISA",8,1
"151","8226333","202410","Bachelor","B.S. in Business","Business Analytics","FSB","ISA",7,1
"152","8226483","202510","Bachelor","B.S. in Business","Business Analytics","FSB","ISA",9,1
"153","8226632","202420","Bachelor","B.S. in Business","Business Analytics","FSB","ISA",8,1
"154",NA,NA,NA,NA,"Marketing","FSB","MKT",8,1
"155","8228733","202415","Bachelor","B.S. in Business","Business Analytics","FSB","ISA",7,1
"156","8228925","202420","Bachelor","B.S. in Business","Business Analytics","FSB","ISA",8,1
"157",NA,NA,NA,NA,"Finance","FSB","FIN",8,1
"158","8229824","202420","Bachelor","B.S. in Business","Business Analytics","FSB","ISA",8,1
"159",NA,NA,NA,NA,"Finance","FSB","FIN",8,1
"160","8229869","202420","Bachelor","B.S. in Business","Business Analytics","FSB","ISA",8,1
"161","8229976","202420","Bachelor","Bachelor of Science","Analytics","*NSD","*NSD",8,1
"162",NA,NA,NA,NA,"Data Science and Statistics","CAS","STA",8,1
"163","8230735","202420","Bachelor","B.S. in Business","Business Analytics","FSB","ISA",8,1
"164",NA,NA,NA,NA,"Information Systems","FSB","ISA",8,1
"165","8231106","202320","Bachelor","B.S. in Business","Business Analytics","FSB","ISA",4,1
"166","8231117","202420","Bachelor","B.S. in Business","Business Analytics","FSB","ISA",8,1
"167","8231449","202415","Bachelor","B.S. in Business","Supply Chain & Operations Mgmt","FSB","MGT",7,1
"168","8232226","202420","Bachelor","B.S. in Business","Business Analytics","FSB","ISA",8,1
"169","8232533","202410","Bachelor","B.S. in Business","Business Analytics","FSB","ISA",7,1
"170","8233278","202520","Bachelor","B.S. in Business","Business Analytics","FSB","ISA",8,1
"171",NA,NA,NA,NA,"Information&Cybersec Mgt","FSB","ISA",8,1
"172","8233829","202410","Bachelor","B.S. in Business","Business Analytics","FSB","ISA",7,1
"173","8233844","202420","Bachelor","B.S. in Business","Business Analytics","FSB","ISA",8,1
"174","8233854","202420","Bachelor","B.S. in Business","Business Analytics","FSB","ISA",8,1
"175","8235522","202420","Bachelor","B.S. in Business","Supply Chain & Operations Mgmt","FSB","MGT",8,1
"176","8235926","202420","Bachelor","B.S. in Business","Business Analytics","FSB","ISA",8,1
"177","8236003","202420","Bachelor","B.S. in Business","Accountancy","FSB","ACC",8,1
"178",NA,NA,NA,NA,"Business Analytics","FSB","ISA",8,1
"179","8236114","202420","Bachelor","B.S. in Business","Business Analytics","FSB","ISA",8,1
"180","8236405","202420","Bachelor","B.S. in Business","Business Analytics","FSB","ISA",8,1
"181","8236496","202420","Bachelor","B.S. in Business","Business Analytics","FSB","ISA",8,1
"182",NA,NA,NA,NA,"Fashion","CCA","ART",8,1
"183","8236572","202410","Bachelor","B.S. in Business","Business Analytics","FSB","ISA",7,1
"184",NA,NA,NA,NA,"Marketing","FSB","MKT",7,1
"185","8237593","202510","Bachelor","Bachelor of Science","Analytics","*NSD","*NSD",8,1
"186",NA,NA,NA,NA,"Data Science and Statistics","CAS","STA",8,1
"187","8237729","202410","Bachelor","B.S. in Business","Business Analytics","FSB","ISA",7,1
"188",NA,NA,NA,NA,"Supply Chain & Operations Mgmt","FSB","MGT",7,1
"189","8237792","202410","Bachelor","B.S. in Business","Business Analytics","FSB","ISA",7,1
"190","8237816","202410","Bachelor","B.S. in Business","Business Analytics","FSB","ISA",7,1
"191",NA,NA,NA,NA,"Marketing","FSB","MKT",7,1
"192","8237939","202415","Bachelor","B.S. in Business","Business Analytics","FSB","ISA",7,1
"193","8237988","202420","Bachelor","B.S. in Business","Business Analytics","FSB","ISA",8,1
"194","8238764","202420","Bachelor","B.S. in Business","Business Analytics","FSB","ISA",8,1
"195","8238895","202420","Bachelor","B.S. in Business","Business Analytics","FSB","ISA",8,1
"196",NA,NA,NA,NA,"Finance","FSB","FIN",8,1
"197","8239036","202420","Bachelor","B.S. in Business","Business Analytics","FSB","ISA",8,1
"198","8239451","202420","Bachelor","B.S. in Business","Business Analytics","FSB","ISA",8,1
"199","8240091","202520","Bachelor","B.S. in Business","Business Analytics","FSB","ISA",8,1
"200","8240124","202420","Bachelor","B.S. in Software Engineering","Analytics","*NSD","*NSD",8,1
"201",NA,NA,NA,NA,"Software Engineering","CEC","CSE",8,1
"202","8241122","202520","Bachelor","B.S. in Business","Business Analytics","FSB","ISA",8,1
"203","8241959","202420","Bachelor","B.S. in Business","Marketing","FSB","MKT",8,1
"204","8242001","202420","Bachelor","B.S. in Business","Business Analytics","FSB","ISA",8,1
"205","8242136","202420","Bachelor","B.S. in Business","Business Analytics","FSB","ISA",8,1
"206",NA,NA,NA,NA,"Fashion","CCA","ART",8,1
"207","8242848","202420","Bachelor","B.S. in Business","Business Analytics","FSB","ISA",8,1
"208",NA,NA,NA,NA,"Sustainability","CAS","IES",8,1
"209","8242896","202420","Bachelor","B.S. in Business","Business Analytics","FSB","ISA",8,1
"210",NA,NA,NA,NA,"Supply Chain & Operations Mgmt","FSB","MGT",8,1
"211","8243232","202420","Bachelor","B.S. in Business","Business Analytics","FSB","ISA",8,1
"212","8243561","202420","Bachelor","B.S. in Business","Accountancy","FSB","ACC",8,1
"213",NA,NA,NA,NA,"Business Analytics","FSB","ISA",8,1
"214","8243761","202410","Bachelor","B.S. in Business","Business Analytics","FSB","ISA",7,1
"215","8245502","202420","Bachelor","B.S. in Business","Business Analytics","FSB","ISA",8,1
"216","8246329","202420","Bachelor","B.S. in Business","Information Systems","FSB","ISA",8,1
"217","8246520","202320","Bachelor","B.S. in Business","Business Analytics","FSB","ISA",6,1
"218","8246894","202415","Bachelor","B.S. in Business","Finance","FSB","FIN",7,1
"219","8246913","202430","Bachelor","B.S. in Business","Business Analytics","FSB","ISA",8,1
"220","8247640","202410","Bachelor","B.S. in Business","Business Analytics","FSB","ISA",7,1
"221","8248087","202420","Bachelor","B.S. in Business","Business Analytics","FSB","ISA",8,1
"222","8248246","202420","Bachelor","B.S. in Business","Business Analytics","FSB","ISA",8,1
"223","8248382","202420","Bachelor","B.S. in Business","Business Analytics","FSB","ISA",8,1
"224","8248778","202410","Bachelor","B.S. in Business","Business Analytics","FSB","ISA",7,1
"225","8249032","202410","Bachelor","B.S. in Business","Accountancy","FSB","ACC",7,1
"226",NA,NA,NA,NA,"Business Analytics","FSB","ISA",7,1
"227","8249700","202420","Bachelor","B.S. in Business","Business Analytics","FSB","ISA",8,1
"228","8250686","202420","Bachelor","B.S. in Business","Business Analytics","FSB","ISA",8,1
"229",NA,NA,NA,NA,"Finance","FSB","FIN",8,1
"230","8251048","202420","Bachelor","B.S. in Business","Business Analytics","FSB","ISA",8,1
"231",NA,NA,NA,NA,"Supply Chain & Operations Mgmt","FSB","MGT",8,1
"232","8251072","202420","Bachelor","B.S. in Business","Business Analytics","FSB","ISA",8,1
"233",NA,NA,NA,NA,"Human Capital Mgmt& Leadership","FSB","MGT",8,1
"234","8251114","202420","Bachelor","B.S. in Business","Business Analytics","FSB","ISA",8,1
"235","8251501","202420","Bachelor","B.S. in Business","Information&Cybersec Mgt","FSB","ISA",8,1
"236","8260957","202420","Bachelor","B.S. in Business","Business Analytics","FSB","ISA",8,1
"237",NA,NA,NA,NA,"Finance","FSB","FIN",8,1
"238","8261450","202420","Bachelor","B.S. in Business","Business Analytics","FSB","ISA",8,1
"239","8262661","202520","Bachelor","B.S. in Business","Business Analytics","FSB","ISA",8,1
"240","8263482","202520","Bachelor","B.S. in Business","Business Analytics","FSB","ISA",8,1
"241","8264086","202520","Bachelor","B.S. in Business","Business Analytics","FSB","ISA",8,1
"242",NA,NA,NA,NA,"Business Economics","FSB","ECO",8,1
"243","8264603","202220","Bachelor","B.S. in Business","Finance","FSB","FIN",6,1
"244",NA,NA,NA,NA,"Information Systems &Analytics","FSB","ISA",6,1
"245","8265510","202320","Bachelor","B.S. in Business","Finance","FSB","FIN",8,1
"246",NA,NA,NA,NA,"Information Systems &Analytics","FSB","ISA",8,1
"247","8266656","202320","Bachelor","B.S. in Business","Analytics","*NSD","*NSD",8,1
"248",NA,NA,NA,NA,"Business Economics","FSB","ECO",8,1
"249","8268360","202320","Bachelor","B.S. in Business","Business Analytics","FSB","ISA",8,1
"250","8273273","202320","Bachelor","B.S. in Business","Information Systems &Analytics","FSB","ISA",8,1
"251","8274007","202320","Bachelor","B.S. in Business","Accountancy","FSB","ACC",8,1
"252",NA,NA,NA,NA,"Business Analytics","FSB","ISA",8,1
"253","8274526","202320","Bachelor","B.S. in Business","Information Systems &Analytics","FSB","ISA",8,1
"254","8275768","202320","Bachelor","B.S. in Business","Information Systems &Analytics","FSB","ISA",8,1
"255","8275990","202320","Bachelor","B.S. in Business","Information Systems &Analytics","FSB","ISA",8,1
"256","8276788","202320","Bachelor","B.S. in Business","Business Analytics","FSB","ISA",8,1
"257",NA,NA,NA,NA,"Finance","FSB","FIN",8,1
"258","8276875","202320","Bachelor","B.S. in Business","Business Analytics","FSB","ISA",8,1
"259",NA,NA,NA,NA,"Marketing","FSB","MKT",8,1
"260","8276925","202320","Bachelor","B.S. in Business","Information Systems &Analytics","FSB","ISA",8,1
"261","8277031","202420","Bachelor","B.S. in Business","Business Analytics","FSB","ISA",10,1
"262",NA,NA,NA,NA,"Finance","FSB","FIN",10,1
"263","8277355","202410","Bachelor","B.S. in Business","Information Systems &Analytics","FSB","ISA",9,1
"264","8277469","202410","Bachelor","B.S. in Business","Information Systems &Analytics","FSB","ISA",9,1
"265","8278735","202310","Bachelor","B.S. in Business","Analytics","*NSD","*NSD",7,1
"266",NA,NA,NA,NA,"Information Systems &Analytics","FSB","ISA",7,1
"267","8278739","202320","Bachelor","Bachelor of Science","Analytics","*NSD","*NSD",8,1
"268",NA,NA,NA,NA,"Quantitative Economics","CAS","*NSD",8,1
"269","8279077","202320","Bachelor","B.S. in Business","Finance","FSB","FIN",8,1
"270",NA,NA,NA,NA,"Information Systems &Analytics","FSB","ISA",8,1
"271","8279285","202320","Bachelor","B.S. in Business","Information Systems &Analytics","FSB","ISA",8,1
"272","8279703","202320","Bachelor","B.S. in Business","Information Systems &Analytics","FSB","ISA",8,1
"273",NA,NA,NA,NA,"Supply Chain & Operations Mgmt","FSB","MGT",8,1
"274","8280063","202320","Bachelor","B.S. in Business","Information Systems &Analytics","FSB","ISA",8,1
"275","8280174","202320","Bachelor","B.S. in Business","Information Systems &Analytics","FSB","ISA",8,1
"276","8280433","202320","Bachelor","B.S. in Business","Accountancy","FSB","ACC",8,1
"277",NA,NA,NA,NA,"Information Systems &Analytics","FSB","ISA",8,1
"278","8280700","202320","Bachelor","B.S. in Business","Information Systems &Analytics","FSB","ISA",8,1
"279","8281275","202320","Bachelor","B.S. in Business","Finance","FSB","FIN",8,1
"280",NA,NA,NA,NA,"Information Systems &Analytics","FSB","ISA",8,1
"281","8281767","202420","Bachelor","B.S. in Business","Information Systems &Analytics","FSB","ISA",10,1
"282","8281982","202320","Bachelor","B.S. in Business","Business Analytics","FSB","ISA",8,1
"283","8282747","202320","Bachelor","B.S. in Business","Finance","FSB","FIN",8,1
"284","8282974","202320","Bachelor","B.S. in Business","Information Systems &Analytics","FSB","ISA",8,1
"285","8283170","202320","Bachelor","B.S. in Business","Information Systems &Analytics","FSB","ISA",8,1
"286","8283359","202320","Bachelor","B.S. in Business","Finance","FSB","FIN",8,1
"287",NA,NA,NA,NA,"Information Systems &Analytics","FSB","ISA",8,1
"288","8283387","202320","Bachelor","B.S. in Business","Business Economics","FSB","ECO",8,1
"289",NA,NA,NA,NA,"Information Systems &Analytics","FSB","ISA",8,1
"290","8284065","202320","Bachelor","B.S. in Business","Marketing","FSB","MKT",8,1
"291","8284203","202320","Bachelor","B.S. in Business","Information Systems &Analytics","FSB","ISA",8,1
"292","8284510","202320","Bachelor","B.S. in Business","Accountancy","FSB","ACC",8,1
"293",NA,NA,NA,NA,"Business Analytics","FSB","ISA",8,1
"294","8284604","202410","Bachelor","B.S. in Business","Business Analytics","FSB","ISA",9,1
"295","8284681","202320","Bachelor","B.S. in Business","Information Systems &Analytics","FSB","ISA",8,1
"296","8285262","202220","Bachelor","B.S. in Business","Finance","FSB","FIN",6,1
"297",NA,NA,NA,NA,"Information Systems &Analytics","FSB","ISA",6,1
"298","8286290","202320","Bachelor","B.S. in Business","Information Systems &Analytics","FSB","ISA",8,1
"299",NA,NA,NA,NA,"Supply Chain & Operations Mgmt","FSB","MGT",8,1
"300","8286362","202320","Bachelor","B.S. in Business","Finance","FSB","FIN",8,1
"301","8286386","202320","Bachelor","B.S. in Business","Finance","FSB","FIN",8,1
"302",NA,NA,NA,NA,"Information Systems &Analytics","FSB","ISA",8,1
"303","8286870","202320","Bachelor","B.S. in Business","Information Systems","FSB","ISA",8,1
"304","8287137","202320","Bachelor","B.S. in Business","Finance","FSB","FIN",8,1
"305",NA,NA,NA,NA,"Information Systems &Analytics","FSB","ISA",8,1
"306","8287192","202320","Bachelor","B.S. in Business","Information Systems &Analytics","FSB","ISA",8,1
"307","8287397","202320","Bachelor","B.S. in Business","Information Systems &Analytics","FSB","ISA",8,1
"308","8287473","202320","Bachelor","B.S. in Business","Information Systems &Analytics","FSB","ISA",8,1
"309","8287518","202320","Bachelor","B.S. in Business","Finance","FSB","FIN",8,1
"310",NA,NA,NA,NA,"Information Systems &Analytics","FSB","ISA",8,1
"311","8287549","202320","Bachelor","B.S. in Business","Finance","FSB","FIN",8,1
"312",NA,NA,NA,NA,"Information Systems &Analytics","FSB","ISA",8,1
"313","8288226","202320","Bachelor","B.S. in Business","Information Systems &Analytics","FSB","ISA",8,1
"314","8288383","202320","Bachelor","B.S. in Business","Finance","FSB","FIN",8,1
"315","8288701","202320","Bachelor","B.S. in Business","Accountancy","FSB","ACC",8,1
"316",NA,NA,NA,NA,"Information Systems &Analytics","FSB","ISA",8,1
"317","8289645","202320","Bachelor","B.S. in Business","Finance","FSB","FIN",8,1
"318",NA,NA,NA,NA,"Information Systems &Analytics","FSB","ISA",8,1
"319","8289763","202320","Bachelor","B.S. in Business","Information Systems &Analytics","FSB","ISA",8,1
"320","8289855","202320","Bachelor","B.S. in Business","Information Systems &Analytics","FSB","ISA",8,1
"321","8290249","202330","Bachelor","Bachelor of Arts","Analytics","*NSD","*NSD",8,1
"322",NA,NA,NA,NA,"Psychology","CAS","PSY",8,1
"323","8290276","202320","Bachelor","B.S. in Business","Information Systems &Analytics","FSB","ISA",8,1
"324",NA,NA,NA,NA,"Marketing","FSB","MKT",8,1
"325","8290339","202320","Bachelor","B.S. in Business","Finance","FSB","FIN",8,1
"326","8290855","202320","Bachelor","B.S. in Business","Information Systems &Analytics","FSB","ISA",8,1
"327","8291190","202320","Bachelor","B.S. in Business","Information Systems &Analytics","FSB","ISA",8,1
"328","8291384","202310","Bachelor","B.S. in Business","Accountancy","FSB","ACC",7,1
"329",NA,NA,NA,NA,"Information Systems &Analytics","FSB","ISA",7,1
"330","8291591","202220","Bachelor","B.S. in Business","Information Systems &Analytics","FSB","ISA",6,1
"331","8292332","202320","Bachelor","B.S. in Business","Finance","FSB","FIN",8,1
"332",NA,NA,NA,NA,"Information Systems &Analytics","FSB","ISA",8,1
"333","8292442","202320","Bachelor","B.S. in Business","Information Systems &Analytics","FSB","ISA",8,1
"334","8292446","202320","Bachelor","B.S. in Business","Information Systems &Analytics","FSB","ISA",8,1
"335","8293553","202320","Bachelor","B.S. in Business","Business Analytics","FSB","ISA",8,1
"336",NA,NA,NA,NA,"Information Systems","FSB","ISA",8,1
"337","8293617","202320","Bachelor","Bachelor of Arts","Analytics","*NSD","*NSD",8,1
"338",NA,NA,NA,NA,"Strategic Communication","CAS","MJF",8,1
"339","8293789","202320","Bachelor","B.S. in Computer Science","Computer Science","CEC","CSE",8,1
"340","8293990","202320","Bachelor","B.S. in Business","Information Systems &Analytics","FSB","ISA",8,1
"341","8294257","202320","Bachelor","B.S. in Business","Information Systems &Analytics","FSB","ISA",8,1
"342","8294329","202320","Bachelor","B.S. in Business","Information Systems &Analytics","FSB","ISA",8,1
"343","8294533","202320","Bachelor","B.S. in Business","Analytics","*NSD","*NSD",8,1
"344",NA,NA,NA,NA,"Marketing","FSB","MKT",8,1
"345","8294677","202220","Bachelor","B.S. in Business","Finance","FSB","FIN",6,1
"346","8294785","202320","Bachelor","B.S. in Computer Science","Analytics","*NSD","*NSD",8,1
"347",NA,NA,NA,NA,"Computer Science","CEC","CSE",8,1
"348","8295097","202320","Bachelor","B.S. in Business","Information Systems &Analytics","FSB","ISA",8,1
"349",NA,NA,NA,NA,"Supply Chain & Operations Mgmt","FSB","MGT",8,1
"350","8295572","202320","Bachelor","B.S. in Business","Information Systems &Analytics","FSB","ISA",8,1
"351","8295624","202310","Bachelor","B.S. in Business","Information Systems &Analytics","FSB","ISA",7,1
"352","8296019","202320","Bachelor","B.S. in Business","Information Systems &Analytics","FSB","ISA",8,1
"353","8296091","202320","Bachelor","B.S. in Business","Information Systems &Analytics","FSB","ISA",8,1
"354","8304284","202320","Bachelor","B.S. in Business","Information Systems &Analytics","FSB","ISA",8,1
"355","8304959","202520","Bachelor","B.S. in Business","Finance","FSB","FIN",8,1
"356","8305176","202420","Bachelor","B.S. in Business","Information Systems &Analytics","FSB","ISA",10,1
"357","8305468","202220","Bachelor","B.S. in Business","Information Systems &Analytics","FSB","ISA",6,1
"358","8305795","202420","Bachelor","B.S. in Business","Business Analytics","FSB","ISA",8,1
"359",NA,NA,NA,"Bachelor of Arts","Political Science","CAS","POL",8,1
"360","8309047","202220","Bachelor","B.S. in Business","Business Analytics","FSB","ISA",8,1
"361","8309126","202310","Bachelor","B.S. in Business","Analytics","*NSD","*NSD",9,1
"362",NA,NA,NA,NA,"Marketing","FSB","MKT",9,1
"363","8311146","202220","Bachelor","B.S. in Business","Information Systems &Analytics","FSB","ISA",8,1
"364","8311871","202220","Bachelor","B.S. in Business","Information Systems &Analytics","FSB","ISA",8,1
"365","8313151","202310","Bachelor","B.S. in Business","Analytics","*NSD","*NSD",9,1
"366",NA,NA,NA,NA,"Marketing","FSB","MKT",9,1
"367","8313455","202220","Bachelor","B.S. in Business","Finance","FSB","FIN",8,1
"368","8314453","202220","Bachelor","B.S. in Business","Business Analytics","FSB","ISA",8,1
"369",NA,NA,NA,NA,"Human Capital Mgmt& Leadership","FSB","MGT",8,1
"370","8314754","202220","Bachelor","B.S. in Business","Business Analytics","FSB","ISA",8,1
"371",NA,NA,NA,NA,"Finance","FSB","FIN",8,1
"372","8315620","202310","Bachelor","B.S. in Business","Information Systems &Analytics","FSB","ISA",9,1
"373","8317414","202310","Bachelor","B.S. in Business","Business Analytics","FSB","ISA",9,1
"374",NA,NA,NA,NA,"Supply Chain & Operations Mgmt","FSB","MGT",9,1
"375","8317791","202220","Bachelor","B.S. in Business","Information Systems &Analytics","FSB","ISA",8,1
"376","8318030","202220","Bachelor","B.S. in Computer Science","Analytics","*NSD","*NSD",8,1
"377",NA,NA,NA,NA,"Computer Science","CEC","CSE",8,1
"378","8318744","202220","Bachelor","B.S. in Business","Information Systems &Analytics","FSB","ISA",8,1
"379",NA,NA,NA,NA,"Marketing","FSB","MKT",8,1
"380","8319115","202220","Bachelor","B.S. in Business","Business Economics","FSB","ECO",8,1
"381","8319933","202220","Bachelor","B.S. in Business","Information Systems &Analytics","FSB","ISA",8,1
"382","8320803","202220","Bachelor","B.S. in Business","Accountancy","FSB","ACC",8,1
"383",NA,NA,NA,NA,"Information Systems &Analytics","FSB","ISA",8,1
"384","8321660","202220","Bachelor","B.S. in Business","Information Systems &Analytics","FSB","ISA",8,1
"385","8321894","202220","Bachelor","BA Interactive Media Studies","Interactive Media Studies","CCA","IMS",8,1
"386","8323387","202220","Bachelor","B.S. in Business","Information Systems &Analytics","FSB","ISA",8,1
"387","8323830","202220","Bachelor","B.S. in Business","Information Systems &Analytics","FSB","ISA",8,1
"388","8324656","202220","Bachelor","B.S. in Business","Marketing","FSB","MKT",8,1
"389","8325028","202220","Bachelor","B.S. in Computer Science","Computer Science","CEC","CSE",8,1
"390","8325151","202320","Bachelor","B.S. in Business","Information Systems &Analytics","FSB","ISA",10,1
"391","8325515","202220","Bachelor","B.S. in Business","Information Systems &Analytics","FSB","ISA",8,1
"392","8326128","202220","Bachelor","Bachelor of Arts","Mathematics","CAS","MTH",8,1
"393","8326382","202220","Bachelor","B.S. in Business","Information Systems &Analytics","FSB","ISA",8,1
"394",NA,NA,NA,NA,"Marketing","FSB","MKT",8,1
"395","8327017","202220","Bachelor","B.S. in Business","Information Systems &Analytics","FSB","ISA",8,1
"396","8327627","202220","Bachelor","B.S. in Business","Supply Chain & Operations Mgmt","FSB","MGT",8,1
"397","8328843","202220","Bachelor","B.S. in Business","Information Systems &Analytics","FSB","ISA",8,1
"398","8328875","202220","Bachelor","B.S. in Business","Information Systems &Analytics","FSB","ISA",8,1
"399","8329214","202220","Bachelor","B.S. in Business","Information Systems &Analytics","FSB","ISA",8,1
"400","8329631","202220","Bachelor","B.S. in Business","Information Systems &Analytics","FSB","ISA",8,1
"401","8330104","202220","Bachelor","B.S. in Business","Information Systems &Analytics","FSB","ISA",8,1
"402","8330667","202220","Bachelor","B.S. in Business","Analytics","*NSD","*NSD",8,1
"403",NA,NA,NA,NA,"Information Systems &Analytics","FSB","ISA",8,1
"404","8332131","202220","Bachelor","B.S. in Business","Business Economics","FSB","ECO",8,1
"405","8332243","202220","Bachelor","B.S. in Business","Information Systems &Analytics","FSB","ISA",8,1
"406","8332399","202210","Bachelor","B.S. in Business","Marketing","FSB","MKT",7,1
"407","8332566","202220","Bachelor","B.S. in Business","Accountancy","FSB","ACC",8,1
"408",NA,NA,NA,NA,"Information Systems &Analytics","FSB","ISA",8,1
"409","8332809","202220","Bachelor","B.S. in Business","Information Systems &Analytics","FSB","ISA",8,1
"410",NA,NA,NA,NA,"Marketing","FSB","MKT",8,1
"411","8332899","202220","Bachelor","B.S. in Business","Information Systems &Analytics","FSB","ISA",8,1
"412","8332921","202310","Bachelor","B.S. in Business","Accountancy","FSB","ACC",9,1
"413",NA,NA,NA,NA,"Information Systems &Analytics","FSB","ISA",9,1
"414","8333381","202220","Bachelor","B.S. in Business","Information Systems &Analytics","FSB","ISA",8,1
"415","8333453","202220","Bachelor","B.S. in Business","Information Systems &Analytics","FSB","ISA",8,1
"416","8333646","202220","Bachelor","B.S. in Business","Accountancy","FSB","ACC",8,1
"417","8334557","202220","Bachelor","B.S. in Business","Finance","FSB","FIN",8,1
"418","8335143","202120","Bachelor","B.S. in Business","Information Systems &Analytics","FSB","ISA",6,1
"419",NA,NA,NA,"Bachelor of Arts","German","CAS","GRAMEL",6,1
"420","8336578","202220","Bachelor","B.S. in Business","Information Systems &Analytics","FSB","ISA",8,1
"421","8338269","202220","Bachelor","B.S. in Business","Information Systems &Analytics","FSB","ISA",8,1
"422","8338485","202220","Bachelor","B.S. in Business","Information Systems &Analytics","FSB","ISA",8,1
"423","8338893","202220","Bachelor","B.S. in Business","Finance","FSB","FIN",8,1
"424",NA,NA,NA,NA,"Information Systems &Analytics","FSB","ISA",8,1
"425","8339022","202320","Bachelor","B.S. in Business","Information Systems &Analytics","FSB","ISA",10,1
"426",NA,NA,NA,NA,"Supply Chain & Operations Mgmt","FSB","MGT",10,1
"427",NA,NA,NA,"BA Interactive Media Studies","Interactive Media Studies","CCA","IMS",10,1
"428","8339335","202220","Bachelor","B.S. in Business","Information Systems &Analytics","FSB","ISA",8,1
"429","8339550","202220","Bachelor","B.S. in Business","Information Systems &Analytics","FSB","ISA",8,1
"430","8339919","202220","Bachelor","B.S. in Business","Information Systems &Analytics","FSB","ISA",8,1
"431","8340310","202220","Bachelor","Bachelor of Arts","Analytics","*NSD","*NSD",8,1
"432",NA,NA,NA,NA,"Strategic Communication","CAS","MJF",8,1
"433","8340355","202120","Bachelor","B.S. in Business","Accountancy","FSB","ACC",6,1
"434","8340511","202220","Bachelor","B.S. in Business","Information Systems &Analytics","FSB","ISA",8,1
"435","8340526","202220","Bachelor","B.S. in Business","Accountancy","FSB","ACC",8,1
"436",NA,NA,NA,NA,"Information Systems &Analytics","FSB","ISA",8,1
"437","8342493","202220","Bachelor","B.S. in Business","Information Systems &Analytics","FSB","ISA",8,1
"438","8350002","202115","Bachelor","Bachelor of Arts","Analytics","*NSD","*NSD",7,1
"439",NA,NA,NA,NA,"Strategic Communication","CAS","MJF",7,1
"440","8350888","202310","Bachelor","B.S. in Business","Information Systems &Analytics","FSB","ISA",9,1
"441","8351630","202220","Bachelor","B.S. in Business","Information Systems &Analytics","FSB","ISA",8,1
"442",NA,NA,NA,NA,"Supply Chain & Operations Mgmt","FSB","MGT",8,1
"443","8354482","202120","Bachelor","B.S. in Software Engineering","Analytics","*NSD","*NSD",8,1
"444",NA,NA,NA,NA,"Software Engineering","CEC","CSE",8,1
"445","8354519","202120","Bachelor","B.S. in Business","Information Systems &Analytics","FSB","ISA",8,1
"446","8355890","202120","Bachelor","B.S. in Business","Information Systems &Analytics","FSB","ISA",8,1
"447","8357001","202230","Bachelor","B.S. in Business","Information Systems &Analytics","FSB","ISA",10,1
"448","8358602","202120","Bachelor","B.S. in Business","Analytics","*NSD","*NSD",8,1
"449",NA,NA,NA,NA,"Finance","FSB","FIN",8,1
"450","8359278","202120","Bachelor","B.S. in Business","Information Systems &Analytics","FSB","ISA",8,1
"451","8359870","202020","Bachelor","B.S. in Business","Accountancy","FSB","ACC",6,1
"452",NA,NA,NA,NA,"Analytics","*NSD","*NSD",6,1
"453","8364375","202120","Bachelor","B.S. in Business","Finance","FSB","FIN",8,1
"454","8365108","202120","Bachelor","B.S. in Business","Information Systems &Analytics","FSB","ISA",8,1
"455","8365422","202120","Bachelor","B.S. in Business","Information Systems &Analytics","FSB","ISA",8,1
"456","8365711","202120","Bachelor","B.S. in Business","Marketing","FSB","MKT",8,1
"457","8366174","202120","Bachelor","Bachelor of Science","Data Science and Statistics","CAS","STA",8,1
"458","8366385","202120","Bachelor","B.S. in Business","Information Systems &Analytics","FSB","ISA",8,1
"459",NA,NA,NA,NA,"Marketing","FSB","MKT",8,1
"460","8366918","202120","Bachelor","B.S. in Business","Information Systems &Analytics","FSB","ISA",8,1
"461",NA,NA,NA,NA,"Supply Chain & Operations Mgmt","FSB","MGT",8,1
"462","8367035","202120","Bachelor","B.S. in Business","Information Systems &Analytics","FSB","ISA",8,1
"463","8367545","202120","Bachelor","B.S. in Business","Business Economics","FSB","ECO",8,1
"464","8367894","202120","Bachelor","B.S. in Business","Finance","FSB","FIN",8,1
"465",NA,NA,NA,NA,"Information Systems &Analytics","FSB","ISA",8,1
"466","8367944","202120","Bachelor","B.S. in Business","Information Systems &Analytics","FSB","ISA",8,1
"467","8367955","202120","Bachelor","B.S. in Business","Information Systems &Analytics","FSB","ISA",8,1
"468","8368057","202120","Bachelor","B.S. in Business","Accountancy","FSB","ACC",8,1
"469",NA,NA,NA,NA,"Analytics","*NSD","*NSD",8,1
"470","8368109","202120","Bachelor","B.S. in Business","Analytics","*NSD","*NSD",8,1
"471",NA,NA,NA,NA,"Marketing","FSB","MKT",8,1
"472","8368121","202110","Bachelor","B.S. in Business","Information Systems &Analytics","FSB","ISA",7,1
"473","8368719","202110","Bachelor","B.S. in Business","Analytics","*NSD","*NSD",7,1
"474",NA,NA,NA,NA,"Finance","FSB","FIN",7,1
"475","8369044","202310","Bachelor","B.S. in Business","Information Systems &Analytics","FSB","ISA",11,1
"476","8369067","202130","Bachelor","B.S. in Business","Information Systems &Analytics","FSB","ISA",8,1
"477","8369564","202120","Bachelor","B.S. in Business","Finance","FSB","FIN",8,1
"478",NA,NA,NA,NA,"Information Systems &Analytics","FSB","ISA",8,1
"479","8370335","202120","Bachelor","B.S. in Business","Accountancy","FSB","ACC",8,1
"480",NA,NA,NA,NA,"Information Systems &Analytics","FSB","ISA",8,1
"481","8370460","202120","Bachelor","Bachelor of Arts","Global & Intercultural Studies","CAS","GIC",8,1
"482",NA,NA,NA,NA,"Strategic Communication","CAS","MJF",8,1
"483","8371569","202120","Bachelor","B.S. in Business","Information Systems &Analytics","FSB","ISA",8,1
"484","8371719","202120","Bachelor","B.S. in Business","Finance","FSB","FIN",8,1
"485","8371741","202120","Bachelor","B.S. in Business","Information Systems &Analytics","FSB","ISA",8,1
"486","8372215","202120","Bachelor","B.S. in Sport Lead & Mgmt","Analytics","*NSD","*NSD",8,1
"487",NA,NA,NA,NA,"Sport Leadership & Management","EHS","SLM",8,1
"488","8372318","202120","Bachelor","B.S. in Computer Science","Analytics","*NSD","*NSD",8,1
"489",NA,NA,NA,NA,"Computer Science","CEC","CSE",8,1
"490","8372669","202120","Bachelor","B.S. in Business","Analytics","*NSD","*NSD",8,1
"491",NA,NA,NA,NA,"Finance","FSB","FIN",8,1
"492","8372995","202120","Bachelor","B.S. in Business","Analytics","*NSD","*NSD",8,1
"493",NA,NA,NA,NA,"Information Systems &Analytics","FSB","ISA",8,1
"494","8373418","202120","Bachelor","B.S. in Business","Information Systems &Analytics","FSB","ISA",8,1
"495","8373628","202120","Bachelor","B.S. in Business","Supply Chain & Operations Mgmt","FSB","MGT",8,1
"496","8373905","202120","Bachelor","B.S. in Business","Information Systems &Analytics","FSB","ISA",8,1
"497","8374059","202120","Bachelor","B.S. in Business","Information Systems &Analytics","FSB","ISA",8,1
"498","8375640","202220","Bachelor","B.S. in Business","Accountancy","FSB","ACC",8,1
"499",NA,NA,NA,NA,"Information Systems &Analytics","FSB","ISA",8,1
"500","8376010","202120","Bachelor","B.S. in Business","Information Systems &Analytics","FSB","ISA",8,1
"501","8376089","202120","Bachelor","B.S. in Business","Information Systems &Analytics","FSB","ISA",8,1
"502","8377320","202120","Bachelor","B.S. in Business","Supply Chain & Operations Mgmt","FSB","MGT",8,1
"503","8377418","202120","Bachelor","B.S. in Business","Finance","FSB","FIN",8,1
"504",NA,NA,NA,NA,"Information Systems &Analytics","FSB","ISA",8,1
"505","8377632","202120","Bachelor","B.S. in Business","Accountancy","FSB","ACC",8,1
"506",NA,NA,NA,NA,"Information Systems &Analytics","FSB","ISA",8,1
"507","8377653","202120","Bachelor","B.S. in Business","Business Analytics","FSB","ISA",8,1
"508",NA,NA,NA,NA,"Fashion","CCA","ART",8,1
"509","8378332","202120","Bachelor","B.S. in Business","Finance","FSB","FIN",8,1
"510","8379553","202120","Bachelor","B.S. in Business","Analytics","*NSD","*NSD",8,1
"511",NA,NA,NA,NA,"Marketing","FSB","MKT",8,1
"512","8379931","202120","Bachelor","B.S. in Business","Accountancy","FSB","ACC",8,1
"513","8380034","202120","Bachelor","B.S. in Business","Finance","FSB","FIN",8,1
"514","8380912","202120","Bachelor","B.S. in Business","Accountancy","FSB","ACC",8,1
"515",NA,NA,NA,NA,"Analytics","*NSD","*NSD",8,1
"516","8381137","202120","Bachelor","B.S. in Business","Information Systems &Analytics","FSB","ISA",8,1
"517",NA,NA,NA,NA,"Marketing","FSB","MKT",8,1
"518","8381513","202120","Bachelor","B.S. in Business","Information Systems &Analytics","FSB","ISA",8,1
"519","8381924","202120","Bachelor","B.S. in Business","Information Systems &Analytics","FSB","ISA",8,1
"520","8382026","202120","Bachelor","B.S. in Business","Marketing","FSB","MKT",8,1
"521","8382476","202120","Bachelor","B.S. in Business","Information Systems &Analytics","FSB","ISA",8,1
"522","8382573","202120","Bachelor","BA in History of Art & Arch","Art & Architecture History","CCA","ART",8,1
"523",NA,NA,NA,NA,"Fashion","CCA","ART",8,1
"524","8382893","202120","Bachelor","B.S. in Business","Information Systems &Analytics","FSB","ISA",8,1
"525","8383258","202120","Bachelor","B.S. in Business","Information Systems &Analytics","FSB","ISA",8,1
"526",NA,NA,NA,NA,"Marketing","FSB","MKT",8,1
"527","8383490","202120","Bachelor","B.S. in Computer Science","Analytics","*NSD","*NSD",8,1
"528",NA,NA,NA,NA,"Computer Science","CEC","CSE",8,1
"529","8383906","202210","Bachelor","B.S. in Business","Accountancy","FSB","ACC",9,1
"530",NA,NA,NA,NA,"Analytics","*NSD","*NSD",9,1
"531","8384345","202120","Bachelor","B.S. in Business","Information Systems &Analytics","FSB","ISA",8,1
"532","8384407","202120","Bachelor","B.S. in Business","Accountancy","FSB","ACC",8,1
"533",NA,NA,NA,NA,"Information Systems &Analytics","FSB","ISA",8,1
"534","8384659","202210","Bachelor","B.S. in Business","Information Systems &Analytics","FSB","ISA",9,1
"535","8385193","202120","Bachelor","Bachelor of Arts","Analytics","*NSD","*NSD",8,1
"536",NA,NA,NA,NA,"Media and Culture","CAS","MJF",8,1
"537","8385483","202120","Bachelor","B.S. in Business","Information Systems &Analytics","FSB","ISA",8,1
"538","8385730","202120","Bachelor","B.S. in Business","Information Systems &Analytics","FSB","ISA",8,1
"539",NA,NA,NA,NA,"Marketing","FSB","MKT",8,1
"540","8386138","202120","Bachelor","B.S. in Business","Information Systems &Analytics","FSB","ISA",8,1
"541",NA,NA,NA,NA,"Premedical Studies","CAS","*NSD",8,1
"542","8386377","202215","Bachelor","B.S. in Business","Information Systems &Analytics","FSB","ISA",9,1
"543","8388086","202120","Bachelor","B.S. in Business","Finance","FSB","FIN",8,1
"544","8388254","202120","Bachelor","B.S. in Business","Information Systems &Analytics","FSB","ISA",8,1
"545","8389082","202120","Bachelor","B.S. in Business","Finance","FSB","FIN",8,1
"546",NA,NA,NA,NA,"Supply Chain & Operations Mgmt","FSB","MGT",8,1
"547","8389477","202120","Bachelor","B.S. in Business","Information Systems &Analytics","FSB","ISA",8,1
"548","8397628","202120","Bachelor","B.S. in Business","Information Systems &Analytics","FSB","ISA",8,1
"549","8398101","202120","Bachelor","B.S. in Business","Information Systems &Analytics","FSB","ISA",8,1
"550",NA,NA,NA,NA,"Marketing","FSB","MKT",8,1
"551","8398122","202120","Bachelor","B.S. in Business","Analytics","*NSD","*NSD",8,1
"552",NA,NA,NA,NA,"Business Economics","FSB","ECO",8,1
"553","8398216","202120","Bachelor","B.S. in Business","Information Systems &Analytics","FSB","ISA",8,1
"554","8398224","202220","Bachelor","B.S. in Business","Information Systems &Analytics","FSB","ISA",8,1
"555","8398240","202110","Bachelor","B.S. in Kinesiology & Health","Analytics","*NSD","*NSD",7,1
"556",NA,NA,NA,NA,"Sport Leadership & Management","EHS","SLM",7,1
"557","8398291","202120","Bachelor","B.S. in Business","Accountancy","FSB","ACC",8,1
"558",NA,NA,NA,NA,"Information Systems &Analytics","FSB","ISA",8,1
"559","8398303","202220","Bachelor","B.S. in Business","Information Systems &Analytics","FSB","ISA",8,1
"560","8398361","202120","Bachelor","B.S. in Business","Information Systems &Analytics","FSB","ISA",8,1
"561","8398381","202120","Bachelor","B.S. in Business","Accountancy","FSB","ACC",8,1
"562",NA,NA,NA,NA,"Information Systems &Analytics","FSB","ISA",8,1
"563","8401257","202120","Bachelor","B.S. in Business","Analytics","*NSD","*NSD",8,1
"564",NA,NA,NA,NA,"Information Systems &Analytics","FSB","ISA",8,1
"565","8429284","202020","Bachelor","Bachelor of Arts","Analytics","*NSD","*NSD",6,1
"566",NA,NA,NA,NA,"Strategic Communication","CAS","MJF",6,1
"567","8458965","201920","Bachelor","B.S. in Business","Accountancy","FSB","ACC",8,1
"568",NA,NA,NA,NA,"Analytics","*NSD","*NSD",8,1
"569","8476995","201920","Bachelor","B.S. in Business","Accountancy","FSB","ACC",8,1
"570",NA,NA,NA,NA,"Analytics","*NSD","*NSD",8,1
"571","8521298","201820","Bachelor","B.S. in Business","Accountancy","FSB","ACC",8,1
"572",NA,NA,NA,NA,"Analytics","*NSD","*NSD",8,1
"573","8521862","201820","Bachelor","B.S. in Business","Accountancy","FSB","ACC",8,1
"574",NA,NA,NA,NA,"Analytics","*NSD","*NSD",8,1
"575","Rows 1 - 574 (All Rows)",NA,NA,NA,NA,NA,NA,NA,NA
