{"chunk_definitions":[{"row":135,"row_count":1,"visible":true,"expansion_state":0,"options":{"engine":"r","label":"setup","message":false,"warning":false,"include":false,"dev":"png"},"document_id":"BA471669","chunk_id":"csetup_chunk","chunk_label":"setup"},{"row":141,"row_count":1,"visible":true,"expansion_state":0,"options":{"engine":"r","echo":false,"label":"unnamed-chunk-241","dev":"png"},"document_id":"BA471669","chunk_id":"cnc6js0k62hoh","chunk_label":"unnamed-chunk-1"},{"row":156,"row_count":1,"visible":true,"expansion_state":0,"options":{"engine":"r","label":"unnamed-chunk-242","dev":"png"},"document_id":"BA471669","chunk_id":"cklagpjnle4dx","chunk_label":"unnamed-chunk-2"},{"row":164,"row_count":1,"visible":true,"expansion_state":0,"options":{"engine":"r","label":"unnamed-chunk-243","dev":"png"},"document_id":"BA471669","chunk_id":"c20zq3cy66q0b","chunk_label":"unnamed-chunk-3"},{"row":168,"row_count":1,"visible":true,"expansion_state":0,"options":{"engine":"r","label":"unnamed-chunk-244","dev":"png"},"document_id":"BA471669","chunk_id":"cwggjhrrxnil7","chunk_label":"unnamed-chunk-4"},{"row":175,"row_count":1,"visible":true,"expansion_state":0,"options":{"engine":"r","label":"unnamed-chunk-245","dev":"png"},"document_id":"BA471669","chunk_id":"can8w31voqg5x","chunk_label":"unnamed-chunk-5"},{"row":181,"row_count":1,"visible":true,"expansion_state":0,"options":{"engine":"r","label":"unnamed-chunk-246","dev":"png"},"document_id":"BA471669","chunk_id":"cgdqkr0gi37t3","chunk_label":"unnamed-chunk-6"},{"row":212,"row_count":1,"visible":true,"expansion_state":0,"options":{"engine":"r","label":"unnamed-chunk-247","dev":"png"},"document_id":"BA471669","chunk_id":"c4enr5ykx9qnu","chunk_label":"unnamed-chunk-7"},{"row":224,"row_count":1,"visible":true,"expansion_state":0,"options":{"engine":"r","label":"unnamed-chunk-248","dev":"png"},"document_id":"BA471669","chunk_id":"cmby9d5s4fmct","chunk_label":"unnamed-chunk-8"},{"row":238,"row_count":1,"visible":true,"expansion_state":0,"options":{"engine":"r","label":"unnamed-chunk-249","dev":"png"},"document_id":"BA471669","chunk_id":"c79ajz9hsc3w5","chunk_label":"unnamed-chunk-9"},{"row":248,"row_count":1,"visible":true,"expansion_state":0,"options":{"engine":"r","label":"unnamed-chunk-250","dev":"png"},"document_id":"BA471669","chunk_id":"cihhkcc7we4nx","chunk_label":"unnamed-chunk-10"},{"row":260,"row_count":1,"visible":true,"expansion_state":0,"options":{"engine":"r","label":"unnamed-chunk-251","dev":"png"},"document_id":"BA471669","chunk_id":"ccouo9q88w2mu","chunk_label":"unnamed-chunk-11"},{"row":268,"row_count":1,"visible":true,"expansion_state":0,"options":{"engine":"r","label":"unnamed-chunk-252","dev":"png"},"document_id":"D6612C1D","chunk_id":"cna8ik0cco38n","chunk_label":"unnamed-chunk-12"},{"row":279,"row_count":1,"visible":true,"expansion_state":0,"options":{"engine":"r","label":"unnamed-chunk-253","dev":"png"},"document_id":"D6612C1D","chunk_id":"c0j50aqt7522w","chunk_label":"unnamed-chunk-13"},{"row":283,"row_count":1,"visible":true,"expansion_state":0,"options":{"engine":"r","label":"unnamed-chunk-254","dev":"png"},"document_id":"D6612C1D","chunk_id":"cx7ftp6gq20gc","chunk_label":"unnamed-chunk-14"},{"row":296,"row_count":1,"visible":true,"expansion_state":0,"options":{"engine":"r","label":"unnamed-chunk-255","dev":"png"},"document_id":"D6612C1D","chunk_id":"cj3k0e8srca58","chunk_label":"unnamed-chunk-15"},{"row":300,"row_count":1,"visible":true,"expansion_state":0,"options":{"engine":"r","label":"unnamed-chunk-256","dev":"png"},"document_id":"D6612C1D","chunk_id":"csgmze44e53pz","chunk_label":"unnamed-chunk-16"},{"row":309,"row_count":1,"visible":true,"expansion_state":0,"options":{"engine":"r","label":"unnamed-chunk-257","dev":"png"},"document_id":"D6612C1D","chunk_id":"c5d5en4ansxaa","chunk_label":"unnamed-chunk-17"},{"row":314,"row_count":1,"visible":true,"expansion_state":0,"options":{"engine":"r","label":"unnamed-chunk-258","dev":"png"},"document_id":"BA471669","chunk_id":"c2nyyekw9tnk3","chunk_label":"unnamed-chunk-18"},{"row":322,"row_count":1,"visible":true,"expansion_state":0,"options":{"engine":"r","label":"unnamed-chunk-259","dev":"png"},"document_id":"BA471669","chunk_id":"cc2sejruc5eqz","chunk_label":"unnamed-chunk-19"},{"row":326,"row_count":1,"visible":true,"expansion_state":0,"options":{"engine":"r","label":"unnamed-chunk-260","dev":"png"},"document_id":"D6612C1D","chunk_id":"c16uwt9faax55","chunk_label":"unnamed-chunk-20"},{"row":339,"row_count":1,"visible":true,"expansion_state":0,"options":{"engine":"r","label":"unnamed-chunk-261","dev":"png"},"document_id":"D6612C1D","chunk_id":"csy1lsxxmhmm0","chunk_label":"unnamed-chunk-21"},{"row":350,"row_count":1,"visible":true,"expansion_state":0,"options":{"engine":"r","label":"unnamed-chunk-262","dev":"png"},"document_id":"D6612C1D","chunk_id":"c8cvp096gw7l7","chunk_label":"unnamed-chunk-22"},{"row":354,"row_count":1,"visible":true,"expansion_state":0,"options":{"engine":"r","label":"unnamed-chunk-263","dev":"png"},"document_id":"D6612C1D","chunk_id":"c7g69yzvdon5u","chunk_label":"unnamed-chunk-23"},{"row":384,"row_count":1,"visible":true,"expansion_state":0,"options":{"engine":"r","label":"unnamed-chunk-264","dev":"png"},"document_id":"D6612C1D","chunk_id":"c35toaby8exiy","chunk_label":"unnamed-chunk-24"},{"row":393,"row_count":1,"visible":true,"expansion_state":0,"options":{"engine":"r","label":"unnamed-chunk-349","dev":"png"},"document_id":"D6612C1D","chunk_id":"cn1ttrd6hmwcj","chunk_label":"unnamed-chunk-25"},{"row":404,"row_count":1,"visible":true,"expansion_state":0,"options":{"engine":"r","label":"unnamed-chunk-350","dev":"png"},"document_id":"D6612C1D","chunk_id":"c5mc78ruipwt7","chunk_label":"unnamed-chunk-26"},{"row":426,"row_count":1,"visible":true,"expansion_state":0,"options":{"engine":"r","label":"unnamed-chunk-354","dev":"png"},"document_id":"D6612C1D","chunk_id":"cklv6235d1otx","chunk_label":"unnamed-chunk-27"},{"row":435,"row_count":1,"visible":true,"expansion_state":0,"options":{"engine":"r","label":"unnamed-chunk-356","dev":"png"},"document_id":"D6612C1D","chunk_id":"cfho6rlin0hqi","chunk_label":"unnamed-chunk-28"},{"row":454,"row_count":1,"visible":true,"expansion_state":0,"options":{"engine":"r","label":"unnamed-chunk-357","dev":"png"},"document_id":"D6612C1D","chunk_id":"csokdp7f2x1cr","chunk_label":"unnamed-chunk-29"},{"row":463,"row_count":1,"visible":true,"expansion_state":0,"options":{"engine":"r","label":"unnamed-chunk-359","dev":"png"},"document_id":"D6612C1D","chunk_id":"cgx2zf4us458q","chunk_label":"unnamed-chunk-30"},{"row":482,"row_count":1,"visible":true,"expansion_state":0,"options":{"engine":"r","label":"unnamed-chunk-360","dev":"png"},"document_id":"D6612C1D","chunk_id":"csntmxa4r7twr","chunk_label":"unnamed-chunk-31"},{"row":491,"row_count":1,"visible":true,"expansion_state":0,"options":{"engine":"r","label":"unnamed-chunk-361","dev":"png"},"document_id":"D6612C1D","chunk_id":"cs3e4k018kwly","chunk_label":"unnamed-chunk-32"},{"row":512,"row_count":1,"visible":true,"expansion_state":0,"options":{"engine":"r","label":"unnamed-chunk-367","dev":"png"},"document_id":"D6612C1D","chunk_id":"cmycdp246so0j","chunk_label":"unnamed-chunk-33"},{"row":521,"row_count":1,"visible":true,"expansion_state":0,"options":{"engine":"r","label":"unnamed-chunk-368","dev":"png"},"document_id":"D6612C1D","chunk_id":"c10n119gntxbl","chunk_label":"unnamed-chunk-34"},{"row":540,"row_count":1,"visible":true,"expansion_state":0,"options":{"engine":"r","label":"unnamed-chunk-370","dev":"png"},"document_id":"D6612C1D","chunk_id":"c433jf6tp4nb0","chunk_label":"unnamed-chunk-35"}],"doc_write_time":1732065255,"chunk_rendered_width":700,"working_dir":null,"default_chunk_options":{"echo":true,"message":false,"warning":false,"out.width":"100%"}}