{"chunk_definitions":[{"row":135,"row_count":1,"visible":true,"expansion_state":0,"options":{"engine":"r","label":"setup","message":false,"warning":false,"include":false,"dev":"png"},"document_id":"48AE2A8B","chunk_id":"csetup_chunk","chunk_label":"setup"},{"row":141,"row_count":1,"visible":true,"expansion_state":0,"options":{"engine":"r","echo":false,"label":"unnamed-chunk-33","dev":"png"},"document_id":"48AE2A8B","chunk_id":"cwr5ewvqlrpsv","chunk_label":"unnamed-chunk-1"},{"row":156,"row_count":1,"visible":true,"expansion_state":0,"options":{"engine":"r","label":"unnamed-chunk-34","dev":"png"},"document_id":"48AE2A8B","chunk_id":"c8r8nhcodn4kr","chunk_label":"unnamed-chunk-2"},{"row":164,"row_count":1,"visible":true,"expansion_state":0,"options":{"engine":"r","label":"unnamed-chunk-35","dev":"png"},"document_id":"48AE2A8B","chunk_id":"ct167qimzmo3t","chunk_label":"unnamed-chunk-3"},{"row":168,"row_count":1,"visible":true,"expansion_state":0,"options":{"engine":"r","label":"unnamed-chunk-36","dev":"png"},"document_id":"48AE2A8B","chunk_id":"c8zdc205yqfn5","chunk_label":"unnamed-chunk-4"},{"row":175,"row_count":1,"visible":true,"expansion_state":0,"options":{"engine":"r","label":"unnamed-chunk-37","dev":"png"},"document_id":"48AE2A8B","chunk_id":"c2gf5gs505b38","chunk_label":"unnamed-chunk-5"},{"row":181,"row_count":1,"visible":true,"expansion_state":0,"options":{"engine":"r","label":"unnamed-chunk-38","dev":"png"},"document_id":"48AE2A8B","chunk_id":"chqnovy71ytq9","chunk_label":"unnamed-chunk-6"},{"row":212,"row_count":1,"visible":true,"expansion_state":0,"options":{"engine":"r","label":"unnamed-chunk-39","dev":"png"},"document_id":"48AE2A8B","chunk_id":"cb9z9170itzkn","chunk_label":"unnamed-chunk-7"},{"row":224,"row_count":1,"visible":true,"expansion_state":0,"options":{"engine":"r","label":"unnamed-chunk-40","dev":"png"},"document_id":"48AE2A8B","chunk_id":"c548s5n7wci4x","chunk_label":"unnamed-chunk-8"},{"row":238,"row_count":1,"visible":true,"expansion_state":0,"options":{"engine":"r","label":"unnamed-chunk-41","dev":"png"},"document_id":"48AE2A8B","chunk_id":"c1eevra15tix1","chunk_label":"unnamed-chunk-9"},{"row":248,"row_count":1,"visible":true,"expansion_state":0,"options":{"engine":"r","label":"unnamed-chunk-42","dev":"png"},"document_id":"48AE2A8B","chunk_id":"cdq3bixsujmuq","chunk_label":"unnamed-chunk-10"},{"row":260,"row_count":1,"visible":true,"expansion_state":0,"options":{"engine":"r","label":"unnamed-chunk-43","dev":"png"},"document_id":"48AE2A8B","chunk_id":"cb98ygpe9p9xx","chunk_label":"unnamed-chunk-11"},{"row":270,"row_count":1,"visible":true,"expansion_state":0,"options":{"engine":"r","label":"unnamed-chunk-44","dev":"png"},"document_id":"48AE2A8B","chunk_id":"cyu92l7zxitsw","chunk_label":"unnamed-chunk-12"},{"row":275,"row_count":1,"visible":true,"expansion_state":0,"options":{"engine":"r","label":"unnamed-chunk-45","dev":"png"},"document_id":"48AE2A8B","chunk_id":"cvb3tfymzi4tk","chunk_label":"unnamed-chunk-13"},{"row":296,"row_count":1,"visible":true,"expansion_state":0,"options":{"engine":"r","label":"unnamed-chunk-46","dev":"png"},"document_id":"48AE2A8B","chunk_id":"co7vcakkzh26p","chunk_label":"unnamed-chunk-14"},{"row":319,"row_count":1,"visible":true,"expansion_state":0,"options":{"engine":"r","label":"unnamed-chunk-47","dev":"png"},"document_id":"48AE2A8B","chunk_id":"ct8yvfkgenagm","chunk_label":"unnamed-chunk-15"},{"row":327,"row_count":1,"visible":true,"expansion_state":0,"options":{"engine":"r","label":"unnamed-chunk-69","dev":"png"},"document_id":"48AE2A8B","chunk_id":"cy8ut2ojhsofi","chunk_label":"unnamed-chunk-16"},{"row":352,"row_count":1,"visible":true,"expansion_state":0,"options":{"engine":"r","label":"unnamed-chunk-48","dev":"png"},"document_id":"48AE2A8B","chunk_id":"cgfetf0q8vvvn","chunk_label":"unnamed-chunk-17"},{"row":361,"row_count":1,"visible":true,"expansion_state":0,"options":{"engine":"r","label":"unnamed-chunk-49","dev":"png"},"document_id":"48AE2A8B","chunk_id":"cf6enywrhzb9g","chunk_label":"unnamed-chunk-18"},{"row":366,"row_count":1,"visible":true,"expansion_state":0,"options":{"engine":"r","label":"unnamed-chunk-50","dev":"png"},"document_id":"48AE2A8B","chunk_id":"cvh69getdmu0n","chunk_label":"unnamed-chunk-19"},{"row":373,"row_count":1,"visible":true,"expansion_state":0,"options":{"engine":"r","label":"unnamed-chunk-51","dev":"png"},"document_id":"48AE2A8B","chunk_id":"cdcho63oh28ag","chunk_label":"unnamed-chunk-20"},{"row":379,"row_count":1,"visible":true,"expansion_state":0,"options":{"engine":"r","label":"unnamed-chunk-52","dev":"png"},"document_id":"48AE2A8B","chunk_id":"c51xk5cfuptyd","chunk_label":"unnamed-chunk-21"},{"row":411,"row_count":1,"visible":true,"expansion_state":0,"options":{"engine":"r","label":"unnamed-chunk-53","dev":"png"},"document_id":"48AE2A8B","chunk_id":"cei3wj3y3fxxt","chunk_label":"unnamed-chunk-22"},{"row":423,"row_count":1,"visible":true,"expansion_state":0,"options":{"engine":"r","label":"unnamed-chunk-54","dev":"png"},"document_id":"48AE2A8B","chunk_id":"c0vmjune9405f","chunk_label":"unnamed-chunk-23"},{"row":437,"row_count":1,"visible":true,"expansion_state":0,"options":{"engine":"r","label":"unnamed-chunk-55","dev":"png"},"document_id":"48AE2A8B","chunk_id":"cmyt5yg61cra9","chunk_label":"unnamed-chunk-24"},{"row":447,"row_count":1,"visible":true,"expansion_state":0,"options":{"engine":"r","label":"unnamed-chunk-56","dev":"png"},"document_id":"48AE2A8B","chunk_id":"cp8r4jwndhe91","chunk_label":"unnamed-chunk-25"},{"row":459,"row_count":1,"visible":true,"expansion_state":0,"options":{"engine":"r","label":"unnamed-chunk-57","dev":"png"},"document_id":"48AE2A8B","chunk_id":"c9nlcd0d2njan","chunk_label":"unnamed-chunk-26"},{"row":469,"row_count":1,"visible":true,"expansion_state":0,"options":{"engine":"r","label":"unnamed-chunk-58","dev":"png"},"document_id":"48AE2A8B","chunk_id":"cdkf58grcb6zp","chunk_label":"unnamed-chunk-27"},{"row":473,"row_count":1,"visible":true,"expansion_state":0,"options":{"engine":"r","label":"unnamed-chunk-59","dev":"png"},"document_id":"48AE2A8B","chunk_id":"cpx0qt17k6c2m","chunk_label":"unnamed-chunk-28"},{"row":495,"row_count":1,"visible":true,"expansion_state":0,"options":{"engine":"r","label":"unnamed-chunk-60","dev":"png"},"document_id":"48AE2A8B","chunk_id":"c1i7enmxpc5pp","chunk_label":"unnamed-chunk-29"},{"row":518,"row_count":1,"visible":true,"expansion_state":0,"options":{"engine":"r","label":"unnamed-chunk-61","dev":"png"},"document_id":"48AE2A8B","chunk_id":"c17e0ivnvqhma","chunk_label":"unnamed-chunk-30"},{"row":527,"row_count":1,"visible":true,"expansion_state":0,"options":{"engine":"r","label":"unnamed-chunk-62","dev":"png"},"document_id":"48AE2A8B","chunk_id":"c83dy7o3834r8","chunk_label":"unnamed-chunk-31"}],"doc_write_time":1730995644,"working_dir":null,"default_chunk_options":{"echo":true,"message":false,"warning":false,"out.width":"100%"},"chunk_rendered_width":700}