{"chunk_definitions":[{"row":135,"row_count":1,"visible":true,"expansion_state":0,"options":{"engine":"r","label":"setup","message":false,"warning":false,"include":false,"dev":"png"},"document_id":"BA471669","chunk_id":"csetup_chunk","chunk_label":"setup"},{"row":141,"row_count":1,"visible":true,"expansion_state":0,"options":{"engine":"r","echo":false,"label":"unnamed-chunk-440","dev":"png"},"document_id":"BA471669","chunk_id":"cnc6js0k62hoh","chunk_label":"unnamed-chunk-1"},{"row":156,"row_count":1,"visible":true,"expansion_state":0,"options":{"engine":"r","label":"unnamed-chunk-441","dev":"png"},"document_id":"BA471669","chunk_id":"cklagpjnle4dx","chunk_label":"unnamed-chunk-2"},{"row":164,"row_count":1,"visible":true,"expansion_state":0,"options":{"engine":"r","label":"unnamed-chunk-442","dev":"png"},"document_id":"BA471669","chunk_id":"c20zq3cy66q0b","chunk_label":"unnamed-chunk-3"},{"row":168,"row_count":1,"visible":true,"expansion_state":0,"options":{"engine":"r","label":"unnamed-chunk-443","dev":"png"},"document_id":"BA471669","chunk_id":"cwggjhrrxnil7","chunk_label":"unnamed-chunk-4"},{"row":175,"row_count":1,"visible":true,"expansion_state":0,"options":{"engine":"r","label":"unnamed-chunk-444","dev":"png"},"document_id":"BA471669","chunk_id":"can8w31voqg5x","chunk_label":"unnamed-chunk-5"},{"row":181,"row_count":1,"visible":true,"expansion_state":0,"options":{"engine":"r","label":"unnamed-chunk-445","dev":"png"},"document_id":"BA471669","chunk_id":"cgdqkr0gi37t3","chunk_label":"unnamed-chunk-6"},{"row":212,"row_count":1,"visible":true,"expansion_state":0,"options":{"engine":"r","label":"unnamed-chunk-446","dev":"png"},"document_id":"BA471669","chunk_id":"c4enr5ykx9qnu","chunk_label":"unnamed-chunk-7"},{"row":224,"row_count":1,"visible":true,"expansion_state":0,"options":{"engine":"r","label":"unnamed-chunk-447","dev":"png"},"document_id":"D6612C1D","chunk_id":"cnldasulzvplp","chunk_label":"unnamed-chunk-8"},{"row":237,"row_count":1,"visible":true,"expansion_state":0,"options":{"engine":"r","label":"unnamed-chunk-448","dev":"png"},"document_id":"BA471669","chunk_id":"cmby9d5s4fmct","chunk_label":"unnamed-chunk-9"},{"row":251,"row_count":1,"visible":true,"expansion_state":0,"options":{"engine":"r","label":"unnamed-chunk-449","dev":"png"},"document_id":"BA471669","chunk_id":"c79ajz9hsc3w5","chunk_label":"unnamed-chunk-10"},{"row":261,"row_count":1,"visible":true,"expansion_state":0,"options":{"engine":"r","label":"unnamed-chunk-450","dev":"png"},"document_id":"BA471669","chunk_id":"cihhkcc7we4nx","chunk_label":"unnamed-chunk-11"},{"row":273,"row_count":1,"visible":true,"expansion_state":0,"options":{"engine":"r","label":"unnamed-chunk-451","dev":"png"},"document_id":"BA471669","chunk_id":"ccouo9q88w2mu","chunk_label":"unnamed-chunk-12"},{"row":286,"row_count":1,"visible":true,"expansion_state":0,"options":{"engine":"r","label":"unnamed-chunk-452","dev":"png"},"document_id":"D6612C1D","chunk_id":"c0j50aqt7522w","chunk_label":"unnamed-chunk-13"},{"row":298,"row_count":1,"visible":true,"expansion_state":0,"options":{"engine":"r","label":"unnamed-chunk-453","dev":"png"},"document_id":"76DDAD35","chunk_id":"cl1o9s02qrrdg","chunk_label":"unnamed-chunk-14"},{"row":330,"row_count":1,"visible":true,"expansion_state":0,"options":{"engine":"r","label":"unnamed-chunk-454","dev":"png"},"document_id":"76DDAD35","chunk_id":"cfzsmdsr3fk4m","chunk_label":"unnamed-chunk-15"},{"row":340,"row_count":1,"visible":true,"expansion_state":0,"options":{"engine":"r","label":"unnamed-chunk-455","dev":"png"},"document_id":"D6612C1D","chunk_id":"cn1ttrd6hmwcj","chunk_label":"unnamed-chunk-16"},{"row":351,"row_count":1,"visible":true,"expansion_state":0,"options":{"engine":"r","label":"unnamed-chunk-456","dev":"png"},"document_id":"76DDAD35","chunk_id":"c3a801umjcjbp","chunk_label":"unnamed-chunk-17"},{"row":362,"row_count":1,"visible":true,"expansion_state":0,"options":{"engine":"r","label":"unnamed-chunk-457","dev":"png"},"document_id":"76DDAD35","chunk_id":"c9kp6npcy2yy3","chunk_label":"unnamed-chunk-18"},{"row":369,"row_count":1,"visible":true,"expansion_state":0,"options":{"engine":"r","label":"unnamed-chunk-458","dev":"png"},"document_id":"76DDAD35","chunk_id":"cmcyn0rhjph7h","chunk_label":"unnamed-chunk-19"},{"row":378,"row_count":1,"visible":true,"expansion_state":0,"options":{"engine":"r","label":"unnamed-chunk-459","dev":"png"},"document_id":"76DDAD35","chunk_id":"cgo4gozsdp51l","chunk_label":"unnamed-chunk-20"},{"row":388,"row_count":1,"visible":true,"expansion_state":0,"options":{"engine":"r","label":"unnamed-chunk-460","dev":"png"},"document_id":"76DDAD35","chunk_id":"cqw3c3216nnot","chunk_label":"unnamed-chunk-21"},{"row":398,"row_count":1,"visible":true,"expansion_state":0,"options":{"engine":"r","label":"unnamed-chunk-461","dev":"png"},"document_id":"76DDAD35","chunk_id":"ch91780pxksgu","chunk_label":"unnamed-chunk-22"},{"row":405,"row_count":1,"visible":true,"expansion_state":0,"options":{"engine":"r","label":"unnamed-chunk-462","dev":"png"},"document_id":"76DDAD35","chunk_id":"c0tbjhdlr14o1","chunk_label":"unnamed-chunk-23"},{"row":414,"row_count":1,"visible":true,"expansion_state":0,"options":{"engine":"r","label":"unnamed-chunk-463","dev":"png"},"document_id":"76DDAD35","chunk_id":"cdweydnz0veb6","chunk_label":"unnamed-chunk-24"},{"row":424,"row_count":1,"visible":true,"expansion_state":0,"options":{"engine":"r","label":"unnamed-chunk-464","dev":"png"},"document_id":"76DDAD35","chunk_id":"cjoew1qlvorbp","chunk_label":"unnamed-chunk-25"},{"row":437,"row_count":1,"visible":true,"expansion_state":0,"options":{"engine":"r","label":"unnamed-chunk-465","dev":"png"},"document_id":"D6612C1D","chunk_id":"c1zkp4pnbp7a1","chunk_label":"unnamed-chunk-26"},{"row":446,"row_count":1,"visible":true,"expansion_state":0,"options":{"engine":"r","label":"unnamed-chunk-466","dev":"png"},"document_id":"76DDAD35","chunk_id":"chb47ytv0m6ny","chunk_label":"unnamed-chunk-27"},{"row":460,"row_count":1,"visible":true,"expansion_state":0,"options":{"engine":"r","label":"unnamed-chunk-467","dev":"png"},"document_id":"76DDAD35","chunk_id":"chafqq9hxa5ok","chunk_label":"unnamed-chunk-28"},{"row":477,"row_count":1,"visible":true,"expansion_state":0,"options":{"engine":"r","label":"unnamed-chunk-468","dev":"png"},"document_id":"76DDAD35","chunk_id":"c7ct0bi0qvss5","chunk_label":"unnamed-chunk-29"},{"row":493,"row_count":1,"visible":true,"expansion_state":0,"options":{"engine":"r","label":"unnamed-chunk-469","dev":"png"},"document_id":"76DDAD35","chunk_id":"ch5cmsvhzb0m5","chunk_label":"unnamed-chunk-30"},{"row":518,"row_count":1,"visible":true,"expansion_state":0,"options":{"engine":"r","label":"unnamed-chunk-470","dev":"png"},"document_id":"76DDAD35","chunk_id":"c55gs39x38o2b","chunk_label":"unnamed-chunk-31"},{"row":541,"row_count":1,"visible":true,"expansion_state":0,"options":{"engine":"r","label":"unnamed-chunk-471","dev":"png"},"document_id":"76DDAD35","chunk_id":"cjspe7uni2xqx","chunk_label":"unnamed-chunk-32"},{"row":549,"row_count":1,"visible":true,"expansion_state":0,"options":{"engine":"r","label":"unnamed-chunk-472","dev":"png"},"document_id":"76DDAD35","chunk_id":"cl8h4b4mla89v","chunk_label":"unnamed-chunk-33"},{"row":581,"row_count":1,"visible":true,"expansion_state":0,"options":{"engine":"r","label":"unnamed-chunk-473","dev":"png"},"document_id":"76DDAD35","chunk_id":"cb0jzfa3pe221","chunk_label":"unnamed-chunk-34"},{"row":590,"row_count":1,"visible":true,"expansion_state":0,"options":{"engine":"r","label":"unnamed-chunk-474","dev":"png"},"document_id":"76DDAD35","chunk_id":"c2ouhq0p2x2kb","chunk_label":"unnamed-chunk-35"},{"row":595,"row_count":1,"visible":true,"expansion_state":0,"options":{"engine":"r","label":"unnamed-chunk-475","dev":"png"},"document_id":"76DDAD35","chunk_id":"cvle8e94ges8w","chunk_label":"unnamed-chunk-36"},{"row":602,"row_count":1,"visible":true,"expansion_state":0,"options":{"engine":"r","label":"unnamed-chunk-476","dev":"png"},"document_id":"76DDAD35","chunk_id":"chr4nwgv0fgyb","chunk_label":"unnamed-chunk-37"},{"row":608,"row_count":1,"visible":true,"expansion_state":0,"options":{"engine":"r","label":"unnamed-chunk-477","dev":"png"},"document_id":"76DDAD35","chunk_id":"c3wees5vn7ois","chunk_label":"unnamed-chunk-38"},{"row":640,"row_count":1,"visible":true,"expansion_state":0,"options":{"engine":"r","label":"unnamed-chunk-478","dev":"png"},"document_id":"76DDAD35","chunk_id":"c0agbwlmv6k1i","chunk_label":"unnamed-chunk-39"},{"row":653,"row_count":1,"visible":true,"expansion_state":0,"options":{"engine":"r","label":"unnamed-chunk-479","dev":"png"},"document_id":"76DDAD35","chunk_id":"cy7guhxv7vjbf","chunk_label":"unnamed-chunk-40"},{"row":666,"row_count":1,"visible":true,"expansion_state":0,"options":{"engine":"r","label":"unnamed-chunk-480","dev":"png"},"document_id":"76DDAD35","chunk_id":"cuslilo6shi7o","chunk_label":"unnamed-chunk-41"},{"row":680,"row_count":1,"visible":true,"expansion_state":0,"options":{"engine":"r","label":"unnamed-chunk-481","dev":"png"},"document_id":"76DDAD35","chunk_id":"cch7f0vsktska","chunk_label":"unnamed-chunk-42"},{"row":690,"row_count":1,"visible":true,"expansion_state":0,"options":{"engine":"r","label":"unnamed-chunk-482","dev":"png"},"document_id":"76DDAD35","chunk_id":"cx9ufyx2rt26p","chunk_label":"unnamed-chunk-43"},{"row":702,"row_count":1,"visible":true,"expansion_state":0,"options":{"engine":"r","label":"unnamed-chunk-483","dev":"png"},"document_id":"76DDAD35","chunk_id":"c5nshbd9ppmmp","chunk_label":"unnamed-chunk-44"},{"row":715,"row_count":1,"visible":true,"expansion_state":0,"options":{"engine":"r","label":"unnamed-chunk-484","dev":"png"},"document_id":"76DDAD35","chunk_id":"c9ih8ckvuxjzk","chunk_label":"unnamed-chunk-45"},{"row":727,"row_count":1,"visible":true,"expansion_state":0,"options":{"engine":"r","label":"unnamed-chunk-485","dev":"png"},"document_id":"76DDAD35","chunk_id":"c0ezideq30pj7","chunk_label":"unnamed-chunk-46"},{"row":759,"row_count":1,"visible":true,"expansion_state":0,"options":{"engine":"r","label":"unnamed-chunk-486","dev":"png"},"document_id":"76DDAD35","chunk_id":"cnd9z7p2os6ec","chunk_label":"unnamed-chunk-47"},{"row":771,"row_count":1,"visible":true,"expansion_state":0,"options":{"engine":"r","label":"unnamed-chunk-487","dev":"png"},"document_id":"76DDAD35","chunk_id":"c7pt9zyzk6ria","chunk_label":"unnamed-chunk-48"},{"row":782,"row_count":1,"visible":true,"expansion_state":0,"options":{"engine":"r","label":"unnamed-chunk-488","dev":"png"},"document_id":"76DDAD35","chunk_id":"cqoz2i40u8v8c","chunk_label":"unnamed-chunk-49"},{"row":793,"row_count":1,"visible":true,"expansion_state":0,"options":{"engine":"r","label":"unnamed-chunk-489","dev":"png"},"document_id":"11BD16B5","chunk_id":"cxj30o2khke2q","chunk_label":"unnamed-chunk-50"},{"row":800,"row_count":1,"visible":true,"expansion_state":0,"options":{"engine":"r","label":"unnamed-chunk-490","dev":"png"},"document_id":"11BD16B5","chunk_id":"ccghgsitoxwsk","chunk_label":"unnamed-chunk-51"},{"row":809,"row_count":1,"visible":true,"expansion_state":0,"options":{"engine":"r","label":"unnamed-chunk-491","dev":"png"},"document_id":"11BD16B5","chunk_id":"cate2ugroxz4r","chunk_label":"unnamed-chunk-52"},{"row":821,"row_count":1,"visible":true,"expansion_state":0,"options":{"engine":"r","label":"unnamed-chunk-492","dev":"png"},"document_id":"11BD16B5","chunk_id":"caeyc05943edr","chunk_label":"unnamed-chunk-53"},{"row":830,"row_count":1,"visible":true,"expansion_state":0,"options":{"engine":"r","label":"unnamed-chunk-493","dev":"png"},"document_id":"76DDAD35","chunk_id":"co3g5zvgin5qe","chunk_label":"unnamed-chunk-54"},{"row":837,"row_count":1,"visible":true,"expansion_state":0,"options":{"engine":"r","label":"unnamed-chunk-494","dev":"png"},"document_id":"11BD16B5","chunk_id":"cb06sjxdosiqq","chunk_label":"unnamed-chunk-55"},{"row":846,"row_count":1,"visible":true,"expansion_state":0,"options":{"engine":"r","label":"unnamed-chunk-495","dev":"png"},"document_id":"11BD16B5","chunk_id":"c2tcb6tz1yz31","chunk_label":"unnamed-chunk-56"},{"row":858,"row_count":1,"visible":true,"expansion_state":0,"options":{"engine":"r","label":"unnamed-chunk-496","dev":"png"},"document_id":"11BD16B5","chunk_id":"cd660r2dsm4yf","chunk_label":"unnamed-chunk-57"},{"row":870,"row_count":1,"visible":true,"expansion_state":0,"options":{"engine":"r","label":"unnamed-chunk-497","dev":"png"},"document_id":"11BD16B5","chunk_id":"cavtgff5kazi8","chunk_label":"unnamed-chunk-58"},{"row":882,"row_count":1,"visible":true,"expansion_state":0,"options":{"engine":"r","label":"unnamed-chunk-498","dev":"png"},"document_id":"11BD16B5","chunk_id":"cg7r4m802rh6s","chunk_label":"unnamed-chunk-59"},{"row":892,"row_count":1,"visible":true,"expansion_state":0,"options":{"engine":"r","label":"unnamed-chunk-499","dev":"png"},"document_id":"11BD16B5","chunk_id":"c54a5j6f8p980","chunk_label":"unnamed-chunk-60"},{"row":899,"row_count":1,"visible":true,"expansion_state":0,"options":{"engine":"r","label":"unnamed-chunk-500","dev":"png"},"document_id":"11BD16B5","chunk_id":"cgnksra9o409x","chunk_label":"unnamed-chunk-61"},{"row":908,"row_count":1,"visible":true,"expansion_state":0,"options":{"engine":"r","label":"unnamed-chunk-501","dev":"png"},"document_id":"11BD16B5","chunk_id":"c8ojm1eswyx9i","chunk_label":"unnamed-chunk-62"},{"row":920,"row_count":1,"visible":true,"expansion_state":0,"options":{"engine":"r","label":"unnamed-chunk-502","dev":"png"},"document_id":"11BD16B5","chunk_id":"c0ivuo506mzgg","chunk_label":"unnamed-chunk-63"},{"row":932,"row_count":1,"visible":true,"expansion_state":0,"options":{"engine":"r","label":"unnamed-chunk-503","dev":"png"},"document_id":"11BD16B5","chunk_id":"crrybmupbd2sb","chunk_label":"unnamed-chunk-64"},{"row":944,"row_count":1,"visible":true,"expansion_state":0,"options":{"engine":"r","label":"unnamed-chunk-504","dev":"png"},"document_id":"11BD16B5","chunk_id":"c9x00jsxeza0d","chunk_label":"unnamed-chunk-65"},{"row":953,"row_count":1,"visible":true,"expansion_state":0,"options":{"engine":"r","label":"unnamed-chunk-505","dev":"png"},"document_id":"76DDAD35","chunk_id":"cha9b8f7h371y","chunk_label":"unnamed-chunk-66"},{"row":960,"row_count":1,"visible":true,"expansion_state":0,"options":{"engine":"r","label":"unnamed-chunk-506","dev":"png"},"document_id":"76DDAD35","chunk_id":"cm9242eay3l7b","chunk_label":"unnamed-chunk-67"},{"row":969,"row_count":1,"visible":true,"expansion_state":0,"options":{"engine":"r","label":"unnamed-chunk-507","dev":"png"},"document_id":"76DDAD35","chunk_id":"cgxjeckhi2lv1","chunk_label":"unnamed-chunk-68"},{"row":981,"row_count":1,"visible":true,"expansion_state":0,"options":{"engine":"r","label":"unnamed-chunk-508","dev":"png"},"document_id":"76DDAD35","chunk_id":"cl56nia1v2pf6","chunk_label":"unnamed-chunk-69"},{"row":993,"row_count":1,"visible":true,"expansion_state":0,"options":{"engine":"r","label":"unnamed-chunk-509","dev":"png"},"document_id":"11BD16B5","chunk_id":"capl75js3lawk","chunk_label":"unnamed-chunk-70"},{"row":1005,"row_count":1,"visible":true,"expansion_state":0,"options":{"engine":"r","label":"unnamed-chunk-510","dev":"png"},"document_id":"11BD16B5","chunk_id":"cbc9000ddnffy","chunk_label":"unnamed-chunk-71"},{"row":1017,"row_count":1,"visible":true,"expansion_state":0,"options":{"engine":"r","label":"unnamed-chunk-511","dev":"png"},"document_id":"76DDAD35","chunk_id":"cxgnzqywg8bbs","chunk_label":"unnamed-chunk-72"},{"row":1027,"row_count":1,"visible":true,"expansion_state":0,"options":{"engine":"r","label":"unnamed-chunk-512","dev":"png"},"document_id":"76DDAD35","chunk_id":"cxvurfbfxjr1w","chunk_label":"unnamed-chunk-73"},{"row":1041,"row_count":1,"visible":true,"expansion_state":0,"options":{"engine":"r","label":"unnamed-chunk-513","dev":"png"},"document_id":"76DDAD35","chunk_id":"cfnib9zsqg9jc","chunk_label":"unnamed-chunk-74"},{"row":1058,"row_count":1,"visible":true,"expansion_state":0,"options":{"engine":"r","label":"unnamed-chunk-514","dev":"png"},"document_id":"76DDAD35","chunk_id":"c6d3xytugaioj","chunk_label":"unnamed-chunk-75"},{"row":1074,"row_count":1,"visible":true,"expansion_state":0,"options":{"engine":"r","label":"unnamed-chunk-515","dev":"png"},"document_id":"76DDAD35","chunk_id":"ct9clredb0tbm","chunk_label":"unnamed-chunk-76"},{"row":1097,"row_count":1,"visible":true,"expansion_state":0,"options":{"engine":"r","label":"unnamed-chunk-516","dev":"png"},"document_id":"76DDAD35","chunk_id":"cs5gh7gen20p8","chunk_label":"unnamed-chunk-77"},{"row":1120,"row_count":1,"visible":true,"expansion_state":0,"options":{"engine":"r","label":"unnamed-chunk-517","dev":"png"},"document_id":"76DDAD35","chunk_id":"cymexj1neezuh","chunk_label":"unnamed-chunk-78"},{"row":1129,"row_count":1,"visible":true,"expansion_state":0,"options":{"engine":"r","label":"unnamed-chunk-518","dev":"png"},"document_id":"11BD16B5","chunk_id":"cskree1jyl659","chunk_label":"unnamed-chunk-79"}],"doc_write_time":1732208594,"working_dir":null,"default_chunk_options":{"echo":true,"message":false,"warning":false,"out.width":"100%"},"chunk_rendered_width":700}