{"chunk_definitions":[{"row":135,"row_count":1,"visible":true,"expansion_state":0,"options":{"engine":"r","label":"setup","message":false,"warning":false,"include":false,"dev":"png"},"document_id":"BA471669","chunk_id":"csetup_chunk","chunk_label":"setup"},{"row":141,"row_count":1,"visible":true,"expansion_state":0,"options":{"engine":"r","echo":false,"label":"unnamed-chunk-95","dev":"png"},"document_id":"BA471669","chunk_id":"cnc6js0k62hoh","chunk_label":"unnamed-chunk-1"},{"row":156,"row_count":1,"visible":true,"expansion_state":0,"options":{"engine":"r","label":"unnamed-chunk-96","dev":"png"},"document_id":"BA471669","chunk_id":"cklagpjnle4dx","chunk_label":"unnamed-chunk-2"},{"row":164,"row_count":1,"visible":true,"expansion_state":0,"options":{"engine":"r","label":"unnamed-chunk-97","dev":"png"},"document_id":"BA471669","chunk_id":"c20zq3cy66q0b","chunk_label":"unnamed-chunk-3"},{"row":168,"row_count":1,"visible":true,"expansion_state":0,"options":{"engine":"r","label":"unnamed-chunk-98","dev":"png"},"document_id":"BA471669","chunk_id":"cwggjhrrxnil7","chunk_label":"unnamed-chunk-4"},{"row":175,"row_count":1,"visible":true,"expansion_state":0,"options":{"engine":"r","label":"unnamed-chunk-99","dev":"png"},"document_id":"BA471669","chunk_id":"can8w31voqg5x","chunk_label":"unnamed-chunk-5"},{"row":181,"row_count":1,"visible":true,"expansion_state":0,"options":{"engine":"r","label":"unnamed-chunk-100","dev":"png"},"document_id":"BA471669","chunk_id":"cgdqkr0gi37t3","chunk_label":"unnamed-chunk-6"},{"row":212,"row_count":1,"visible":true,"expansion_state":0,"options":{"engine":"r","label":"unnamed-chunk-101","dev":"png"},"document_id":"BA471669","chunk_id":"c4enr5ykx9qnu","chunk_label":"unnamed-chunk-7"},{"row":224,"row_count":1,"visible":true,"expansion_state":0,"options":{"engine":"r","label":"unnamed-chunk-102","dev":"png"},"document_id":"D6612C1D","chunk_id":"cnldasulzvplp","chunk_label":"unnamed-chunk-8"},{"row":237,"row_count":1,"visible":true,"expansion_state":0,"options":{"engine":"r","label":"unnamed-chunk-103","dev":"png"},"document_id":"BA471669","chunk_id":"cmby9d5s4fmct","chunk_label":"unnamed-chunk-9"},{"row":251,"row_count":1,"visible":true,"expansion_state":0,"options":{"engine":"r","label":"unnamed-chunk-104","dev":"png"},"document_id":"BA471669","chunk_id":"c79ajz9hsc3w5","chunk_label":"unnamed-chunk-10"},{"row":261,"row_count":1,"visible":true,"expansion_state":0,"options":{"engine":"r","label":"unnamed-chunk-105","dev":"png"},"document_id":"BA471669","chunk_id":"cihhkcc7we4nx","chunk_label":"unnamed-chunk-11"},{"row":273,"row_count":1,"visible":true,"expansion_state":0,"options":{"engine":"r","label":"unnamed-chunk-106","dev":"png"},"document_id":"BA471669","chunk_id":"ccouo9q88w2mu","chunk_label":"unnamed-chunk-12"},{"row":286,"row_count":1,"visible":true,"expansion_state":0,"options":{"engine":"r","label":"unnamed-chunk-107","dev":"png"},"document_id":"D6612C1D","chunk_id":"c0j50aqt7522w","chunk_label":"unnamed-chunk-13"},{"row":298,"row_count":1,"visible":true,"expansion_state":0,"options":{"engine":"r","label":"unnamed-chunk-108","dev":"png"},"document_id":"76DDAD35","chunk_id":"cl1o9s02qrrdg","chunk_label":"unnamed-chunk-14"},{"row":330,"row_count":1,"visible":true,"expansion_state":0,"options":{"engine":"r","label":"unnamed-chunk-109","dev":"png"},"document_id":"76DDAD35","chunk_id":"cfzsmdsr3fk4m","chunk_label":"unnamed-chunk-15"},{"row":339,"row_count":1,"visible":true,"expansion_state":0,"options":{"engine":"r","label":"unnamed-chunk-110","dev":"png"},"document_id":"D6612C1D","chunk_id":"cn1ttrd6hmwcj","chunk_label":"unnamed-chunk-16"},{"row":350,"row_count":1,"visible":true,"expansion_state":0,"options":{"engine":"r","label":"unnamed-chunk-111","dev":"png"},"document_id":"76DDAD35","chunk_id":"c3a801umjcjbp","chunk_label":"unnamed-chunk-17"},{"row":361,"row_count":1,"visible":true,"expansion_state":0,"options":{"engine":"r","label":"unnamed-chunk-112","dev":"png"},"document_id":"76DDAD35","chunk_id":"c9kp6npcy2yy3","chunk_label":"unnamed-chunk-18"},{"row":368,"row_count":1,"visible":true,"expansion_state":0,"options":{"engine":"r","label":"unnamed-chunk-113","dev":"png"},"document_id":"76DDAD35","chunk_id":"cmcyn0rhjph7h","chunk_label":"unnamed-chunk-19"},{"row":377,"row_count":1,"visible":true,"expansion_state":0,"options":{"engine":"r","label":"unnamed-chunk-114","dev":"png"},"document_id":"76DDAD35","chunk_id":"cgo4gozsdp51l","chunk_label":"unnamed-chunk-20"},{"row":389,"row_count":1,"visible":true,"expansion_state":0,"options":{"engine":"r","label":"unnamed-chunk-115","dev":"png"},"document_id":"76DDAD35","chunk_id":"cqw3c3216nnot","chunk_label":"unnamed-chunk-21"},{"row":399,"row_count":1,"visible":true,"expansion_state":0,"options":{"engine":"r","label":"unnamed-chunk-116","dev":"png"},"document_id":"76DDAD35","chunk_id":"ch91780pxksgu","chunk_label":"unnamed-chunk-22"},{"row":406,"row_count":1,"visible":true,"expansion_state":0,"options":{"engine":"r","label":"unnamed-chunk-117","dev":"png"},"document_id":"76DDAD35","chunk_id":"c0tbjhdlr14o1","chunk_label":"unnamed-chunk-23"},{"row":415,"row_count":1,"visible":true,"expansion_state":0,"options":{"engine":"r","label":"unnamed-chunk-118","dev":"png"},"document_id":"76DDAD35","chunk_id":"cdweydnz0veb6","chunk_label":"unnamed-chunk-24"},{"row":427,"row_count":1,"visible":true,"expansion_state":0,"options":{"engine":"r","label":"unnamed-chunk-119","dev":"png"},"document_id":"76DDAD35","chunk_id":"cjoew1qlvorbp","chunk_label":"unnamed-chunk-25"},{"row":440,"row_count":1,"visible":true,"expansion_state":0,"options":{"engine":"r","label":"unnamed-chunk-120","dev":"png"},"document_id":"D6612C1D","chunk_id":"c1zkp4pnbp7a1","chunk_label":"unnamed-chunk-26"},{"row":449,"row_count":1,"visible":true,"expansion_state":0,"options":{"engine":"r","label":"unnamed-chunk-121","dev":"png"},"document_id":"76DDAD35","chunk_id":"chb47ytv0m6ny","chunk_label":"unnamed-chunk-27"},{"row":463,"row_count":1,"visible":true,"expansion_state":0,"options":{"engine":"r","label":"unnamed-chunk-122","dev":"png"},"document_id":"76DDAD35","chunk_id":"chafqq9hxa5ok","chunk_label":"unnamed-chunk-28"},{"row":480,"row_count":1,"visible":true,"expansion_state":0,"options":{"engine":"r","label":"unnamed-chunk-123","dev":"png"},"document_id":"76DDAD35","chunk_id":"c7ct0bi0qvss5","chunk_label":"unnamed-chunk-29"},{"row":496,"row_count":1,"visible":true,"expansion_state":0,"options":{"engine":"r","label":"unnamed-chunk-124","dev":"png"},"document_id":"76DDAD35","chunk_id":"ch5cmsvhzb0m5","chunk_label":"unnamed-chunk-30"},{"row":521,"row_count":1,"visible":true,"expansion_state":0,"options":{"engine":"r","label":"unnamed-chunk-125","dev":"png"},"document_id":"76DDAD35","chunk_id":"c55gs39x38o2b","chunk_label":"unnamed-chunk-31"},{"row":544,"row_count":1,"visible":true,"expansion_state":0,"options":{"engine":"r","label":"unnamed-chunk-126","dev":"png"},"document_id":"76DDAD35","chunk_id":"cjspe7uni2xqx","chunk_label":"unnamed-chunk-32"},{"row":552,"row_count":1,"visible":true,"expansion_state":0,"options":{"engine":"r","label":"unnamed-chunk-127","dev":"png"},"document_id":"76DDAD35","chunk_id":"cl8h4b4mla89v","chunk_label":"unnamed-chunk-33"},{"row":584,"row_count":1,"visible":true,"expansion_state":0,"options":{"engine":"r","label":"unnamed-chunk-128","dev":"png"},"document_id":"76DDAD35","chunk_id":"cb0jzfa3pe221","chunk_label":"unnamed-chunk-34"},{"row":593,"row_count":1,"visible":true,"expansion_state":0,"options":{"engine":"r","label":"unnamed-chunk-129","dev":"png"},"document_id":"76DDAD35","chunk_id":"c2ouhq0p2x2kb","chunk_label":"unnamed-chunk-35"},{"row":598,"row_count":1,"visible":true,"expansion_state":0,"options":{"engine":"r","label":"unnamed-chunk-130","dev":"png"},"document_id":"76DDAD35","chunk_id":"cvle8e94ges8w","chunk_label":"unnamed-chunk-36"},{"row":605,"row_count":1,"visible":true,"expansion_state":0,"options":{"engine":"r","label":"unnamed-chunk-131","dev":"png"},"document_id":"76DDAD35","chunk_id":"chr4nwgv0fgyb","chunk_label":"unnamed-chunk-37"},{"row":611,"row_count":1,"visible":true,"expansion_state":0,"options":{"engine":"r","label":"unnamed-chunk-132","dev":"png"},"document_id":"76DDAD35","chunk_id":"c3wees5vn7ois","chunk_label":"unnamed-chunk-38"},{"row":643,"row_count":1,"visible":true,"expansion_state":0,"options":{"engine":"r","label":"unnamed-chunk-133","dev":"png"},"document_id":"76DDAD35","chunk_id":"c0agbwlmv6k1i","chunk_label":"unnamed-chunk-39"},{"row":656,"row_count":1,"visible":true,"expansion_state":0,"options":{"engine":"r","label":"unnamed-chunk-134","dev":"png"},"document_id":"76DDAD35","chunk_id":"cy7guhxv7vjbf","chunk_label":"unnamed-chunk-40"},{"row":669,"row_count":1,"visible":true,"expansion_state":0,"options":{"engine":"r","label":"unnamed-chunk-135","dev":"png"},"document_id":"76DDAD35","chunk_id":"cuslilo6shi7o","chunk_label":"unnamed-chunk-41"},{"row":683,"row_count":1,"visible":true,"expansion_state":0,"options":{"engine":"r","label":"unnamed-chunk-136","dev":"png"},"document_id":"76DDAD35","chunk_id":"cch7f0vsktska","chunk_label":"unnamed-chunk-42"},{"row":693,"row_count":1,"visible":true,"expansion_state":0,"options":{"engine":"r","label":"unnamed-chunk-137","dev":"png"},"document_id":"76DDAD35","chunk_id":"cx9ufyx2rt26p","chunk_label":"unnamed-chunk-43"},{"row":705,"row_count":1,"visible":true,"expansion_state":0,"options":{"engine":"r","label":"unnamed-chunk-138","dev":"png"},"document_id":"76DDAD35","chunk_id":"c5nshbd9ppmmp","chunk_label":"unnamed-chunk-44"},{"row":718,"row_count":1,"visible":true,"expansion_state":0,"options":{"engine":"r","label":"unnamed-chunk-160","dev":"png"},"document_id":"76DDAD35","chunk_id":"c9ih8ckvuxjzk","chunk_label":"unnamed-chunk-45"},{"row":730,"row_count":1,"visible":true,"expansion_state":0,"options":{"engine":"r","label":"unnamed-chunk-140","dev":"png"},"document_id":"76DDAD35","chunk_id":"c0ezideq30pj7","chunk_label":"unnamed-chunk-46"},{"row":762,"row_count":1,"visible":true,"expansion_state":0,"options":{"engine":"r","label":"unnamed-chunk-141","dev":"png"},"document_id":"76DDAD35","chunk_id":"cnd9z7p2os6ec","chunk_label":"unnamed-chunk-47"},{"row":771,"row_count":1,"visible":true,"expansion_state":0,"options":{"engine":"r","label":"unnamed-chunk-142","dev":"png"},"document_id":"76DDAD35","chunk_id":"c7pt9zyzk6ria","chunk_label":"unnamed-chunk-48"},{"row":782,"row_count":1,"visible":true,"expansion_state":0,"options":{"engine":"r","label":"unnamed-chunk-143","dev":"png"},"document_id":"76DDAD35","chunk_id":"cqoz2i40u8v8c","chunk_label":"unnamed-chunk-49"},{"row":793,"row_count":1,"visible":true,"expansion_state":0,"options":{"engine":"r","label":"unnamed-chunk-165","dev":"png"},"document_id":"76DDAD35","chunk_id":"chvy3ry7s5hc1","chunk_label":"unnamed-chunk-50"},{"row":800,"row_count":1,"visible":true,"expansion_state":0,"options":{"engine":"r","label":"unnamed-chunk-166","dev":"png"},"document_id":"76DDAD35","chunk_id":"cqnqsmkbe7fr5","chunk_label":"unnamed-chunk-51"},{"row":809,"row_count":1,"visible":true,"expansion_state":0,"options":{"engine":"r","label":"unnamed-chunk-167","dev":"png"},"document_id":"76DDAD35","chunk_id":"ckj9wy2tck0di","chunk_label":"unnamed-chunk-52"},{"row":821,"row_count":1,"visible":true,"expansion_state":0,"options":{"engine":"r","label":"unnamed-chunk-168","dev":"png"},"document_id":"76DDAD35","chunk_id":"ccptg0ss616l6","chunk_label":"unnamed-chunk-53"},{"row":831,"row_count":1,"visible":true,"expansion_state":0,"options":{"engine":"r","label":"unnamed-chunk-169","dev":"png"},"document_id":"76DDAD35","chunk_id":"cha9b8f7h371y","chunk_label":"unnamed-chunk-54"},{"row":838,"row_count":1,"visible":true,"expansion_state":0,"options":{"engine":"r","label":"unnamed-chunk-170","dev":"png"},"document_id":"76DDAD35","chunk_id":"cm9242eay3l7b","chunk_label":"unnamed-chunk-55"},{"row":847,"row_count":1,"visible":true,"expansion_state":0,"options":{"engine":"r","label":"unnamed-chunk-171","dev":"png"},"document_id":"76DDAD35","chunk_id":"cgxjeckhi2lv1","chunk_label":"unnamed-chunk-56"},{"row":859,"row_count":1,"visible":true,"expansion_state":0,"options":{"engine":"r","label":"unnamed-chunk-172","dev":"png"},"document_id":"76DDAD35","chunk_id":"cl56nia1v2pf6","chunk_label":"unnamed-chunk-57"},{"row":872,"row_count":1,"visible":true,"expansion_state":0,"options":{"engine":"r","label":"unnamed-chunk-152","dev":"png"},"document_id":"76DDAD35","chunk_id":"cxgnzqywg8bbs","chunk_label":"unnamed-chunk-58"},{"row":882,"row_count":1,"visible":true,"expansion_state":0,"options":{"engine":"r","label":"unnamed-chunk-153","dev":"png"},"document_id":"76DDAD35","chunk_id":"cxvurfbfxjr1w","chunk_label":"unnamed-chunk-59"},{"row":896,"row_count":1,"visible":true,"expansion_state":0,"options":{"engine":"r","label":"unnamed-chunk-154","dev":"png"},"document_id":"76DDAD35","chunk_id":"cfnib9zsqg9jc","chunk_label":"unnamed-chunk-60"},{"row":913,"row_count":1,"visible":true,"expansion_state":0,"options":{"engine":"r","label":"unnamed-chunk-155","dev":"png"},"document_id":"76DDAD35","chunk_id":"c6d3xytugaioj","chunk_label":"unnamed-chunk-61"},{"row":929,"row_count":1,"visible":true,"expansion_state":0,"options":{"engine":"r","label":"unnamed-chunk-156","dev":"png"},"document_id":"76DDAD35","chunk_id":"ct9clredb0tbm","chunk_label":"unnamed-chunk-62"},{"row":952,"row_count":1,"visible":true,"expansion_state":0,"options":{"engine":"r","label":"unnamed-chunk-157","dev":"png"},"document_id":"76DDAD35","chunk_id":"cs5gh7gen20p8","chunk_label":"unnamed-chunk-63"},{"row":975,"row_count":1,"visible":true,"expansion_state":0,"options":{"engine":"r","label":"unnamed-chunk-158","dev":"png"},"document_id":"76DDAD35","chunk_id":"cymexj1neezuh","chunk_label":"unnamed-chunk-64"},{"row":984,"row_count":1,"visible":true,"expansion_state":0,"options":{"engine":"r","label":"unnamed-chunk-159","dev":"png"},"document_id":"76DDAD35","chunk_id":"cxiag4nj8baph","chunk_label":"unnamed-chunk-65"}],"doc_write_time":1732130663,"working_dir":null,"default_chunk_options":{"echo":true,"message":false,"warning":false,"out.width":"100%"},"chunk_rendered_width":700}