{"chunk_definitions":[{"row":135,"row_count":1,"visible":true,"expansion_state":0,"options":{"engine":"r","label":"setup","message":false,"warning":false,"include":false,"dev":"png"},"document_id":"BA471669","chunk_id":"csetup_chunk","chunk_label":"setup"},{"row":141,"row_count":1,"visible":true,"expansion_state":0,"options":{"engine":"r","echo":false,"label":"unnamed-chunk-169","dev":"png"},"document_id":"BA471669","chunk_id":"cnc6js0k62hoh","chunk_label":"unnamed-chunk-1"},{"row":156,"row_count":1,"visible":true,"expansion_state":0,"options":{"engine":"r","label":"unnamed-chunk-170","dev":"png"},"document_id":"BA471669","chunk_id":"cklagpjnle4dx","chunk_label":"unnamed-chunk-2"},{"row":164,"row_count":1,"visible":true,"expansion_state":0,"options":{"engine":"r","label":"unnamed-chunk-171","dev":"png"},"document_id":"BA471669","chunk_id":"c20zq3cy66q0b","chunk_label":"unnamed-chunk-3"},{"row":168,"row_count":1,"visible":true,"expansion_state":0,"options":{"engine":"r","label":"unnamed-chunk-172","dev":"png"},"document_id":"BA471669","chunk_id":"cwggjhrrxnil7","chunk_label":"unnamed-chunk-4"},{"row":175,"row_count":1,"visible":true,"expansion_state":0,"options":{"engine":"r","label":"unnamed-chunk-173","dev":"png"},"document_id":"BA471669","chunk_id":"can8w31voqg5x","chunk_label":"unnamed-chunk-5"},{"row":181,"row_count":1,"visible":true,"expansion_state":0,"options":{"engine":"r","label":"unnamed-chunk-174","dev":"png"},"document_id":"BA471669","chunk_id":"cgdqkr0gi37t3","chunk_label":"unnamed-chunk-6"},{"row":212,"row_count":1,"visible":true,"expansion_state":0,"options":{"engine":"r","label":"unnamed-chunk-175","dev":"png"},"document_id":"BA471669","chunk_id":"c4enr5ykx9qnu","chunk_label":"unnamed-chunk-7"},{"row":224,"row_count":1,"visible":true,"expansion_state":0,"options":{"engine":"r","label":"unnamed-chunk-176","dev":"png"},"document_id":"D6612C1D","chunk_id":"cnldasulzvplp","chunk_label":"unnamed-chunk-8"},{"row":240,"row_count":1,"visible":true,"expansion_state":0,"options":{"engine":"r","label":"unnamed-chunk-177","dev":"png"},"document_id":"BA471669","chunk_id":"c79ajz9hsc3w5","chunk_label":"unnamed-chunk-9"},{"row":250,"row_count":1,"visible":true,"expansion_state":0,"options":{"engine":"r","label":"unnamed-chunk-178","dev":"png"},"document_id":"BA471669","chunk_id":"cihhkcc7we4nx","chunk_label":"unnamed-chunk-10"},{"row":262,"row_count":1,"visible":true,"expansion_state":0,"options":{"engine":"r","label":"unnamed-chunk-179","dev":"png"},"document_id":"BA471669","chunk_id":"ccouo9q88w2mu","chunk_label":"unnamed-chunk-11"},{"row":275,"row_count":1,"visible":true,"expansion_state":0,"options":{"engine":"r","label":"unnamed-chunk-180","dev":"png"},"document_id":"D6612C1D","chunk_id":"c0j50aqt7522w","chunk_label":"unnamed-chunk-12"},{"row":287,"row_count":1,"visible":true,"expansion_state":0,"options":{"engine":"r","label":"unnamed-chunk-181","dev":"png"},"document_id":"CB393BCC","chunk_id":"co4kruccvtfo9","chunk_label":"unnamed-chunk-13"},{"row":319,"row_count":1,"visible":true,"expansion_state":0,"options":{"engine":"r","label":"unnamed-chunk-182","dev":"png"},"document_id":"76DDAD35","chunk_id":"cfzsmdsr3fk4m","chunk_label":"unnamed-chunk-14"},{"row":329,"row_count":1,"visible":true,"expansion_state":0,"options":{"engine":"r","label":"unnamed-chunk-183","dev":"png"},"document_id":"D6612C1D","chunk_id":"cn1ttrd6hmwcj","chunk_label":"unnamed-chunk-15"},{"row":340,"row_count":1,"visible":true,"expansion_state":0,"options":{"engine":"r","label":"unnamed-chunk-184","dev":"png"},"document_id":"76DDAD35","chunk_id":"c3a801umjcjbp","chunk_label":"unnamed-chunk-16"},{"row":351,"row_count":1,"visible":true,"expansion_state":0,"options":{"engine":"r","label":"unnamed-chunk-185","dev":"png"},"document_id":"76DDAD35","chunk_id":"c9kp6npcy2yy3","chunk_label":"unnamed-chunk-17"},{"row":358,"row_count":1,"visible":true,"expansion_state":0,"options":{"engine":"r","label":"unnamed-chunk-186","dev":"png"},"document_id":"76DDAD35","chunk_id":"cmcyn0rhjph7h","chunk_label":"unnamed-chunk-18"},{"row":367,"row_count":1,"visible":true,"expansion_state":0,"options":{"engine":"r","label":"unnamed-chunk-187","dev":"png"},"document_id":"76DDAD35","chunk_id":"cgo4gozsdp51l","chunk_label":"unnamed-chunk-19"},{"row":377,"row_count":1,"visible":true,"expansion_state":0,"options":{"engine":"r","label":"unnamed-chunk-188","dev":"png"},"document_id":"76DDAD35","chunk_id":"cqw3c3216nnot","chunk_label":"unnamed-chunk-20"},{"row":387,"row_count":1,"visible":true,"expansion_state":0,"options":{"engine":"r","label":"unnamed-chunk-189","dev":"png"},"document_id":"76DDAD35","chunk_id":"ch91780pxksgu","chunk_label":"unnamed-chunk-21"},{"row":394,"row_count":1,"visible":true,"expansion_state":0,"options":{"engine":"r","label":"unnamed-chunk-190","dev":"png"},"document_id":"76DDAD35","chunk_id":"c0tbjhdlr14o1","chunk_label":"unnamed-chunk-22"},{"row":403,"row_count":1,"visible":true,"expansion_state":0,"options":{"engine":"r","label":"unnamed-chunk-191","dev":"png"},"document_id":"76DDAD35","chunk_id":"cdweydnz0veb6","chunk_label":"unnamed-chunk-23"},{"row":413,"row_count":1,"visible":true,"expansion_state":0,"options":{"engine":"r","label":"unnamed-chunk-192","dev":"png"},"document_id":"76DDAD35","chunk_id":"cjoew1qlvorbp","chunk_label":"unnamed-chunk-24"},{"row":426,"row_count":1,"visible":true,"expansion_state":0,"options":{"engine":"r","label":"unnamed-chunk-193","dev":"png"},"document_id":"D6612C1D","chunk_id":"c1zkp4pnbp7a1","chunk_label":"unnamed-chunk-25"},{"row":441,"row_count":1,"visible":true,"expansion_state":0,"options":{"engine":"r","label":"unnamed-chunk-194","dev":"png"},"document_id":"76DDAD35","chunk_id":"chafqq9hxa5ok","chunk_label":"unnamed-chunk-26"},{"row":455,"row_count":1,"visible":true,"expansion_state":0,"options":{"engine":"r","label":"unnamed-chunk-195","dev":"png"},"document_id":"76DDAD35","chunk_id":"ch5cmsvhzb0m5","chunk_label":"unnamed-chunk-27"},{"row":480,"row_count":1,"visible":true,"expansion_state":0,"options":{"engine":"r","label":"unnamed-chunk-196","dev":"png"},"document_id":"76DDAD35","chunk_id":"c55gs39x38o2b","chunk_label":"unnamed-chunk-28"},{"row":503,"row_count":1,"visible":true,"expansion_state":0,"options":{"engine":"r","label":"unnamed-chunk-197","dev":"png"},"document_id":"76DDAD35","chunk_id":"cjspe7uni2xqx","chunk_label":"unnamed-chunk-29"},{"row":511,"row_count":1,"visible":true,"expansion_state":0,"options":{"engine":"r","label":"unnamed-chunk-198","dev":"png"},"document_id":"76DDAD35","chunk_id":"cl8h4b4mla89v","chunk_label":"unnamed-chunk-30"},{"row":543,"row_count":1,"visible":true,"expansion_state":0,"options":{"engine":"r","label":"unnamed-chunk-199","dev":"png"},"document_id":"76DDAD35","chunk_id":"cb0jzfa3pe221","chunk_label":"unnamed-chunk-31"},{"row":552,"row_count":1,"visible":true,"expansion_state":0,"options":{"engine":"r","label":"unnamed-chunk-200","dev":"png"},"document_id":"76DDAD35","chunk_id":"c2ouhq0p2x2kb","chunk_label":"unnamed-chunk-32"},{"row":557,"row_count":1,"visible":true,"expansion_state":0,"options":{"engine":"r","label":"unnamed-chunk-201","dev":"png"},"document_id":"76DDAD35","chunk_id":"cvle8e94ges8w","chunk_label":"unnamed-chunk-33"},{"row":564,"row_count":1,"visible":true,"expansion_state":0,"options":{"engine":"r","label":"unnamed-chunk-202","dev":"png"},"document_id":"76DDAD35","chunk_id":"chr4nwgv0fgyb","chunk_label":"unnamed-chunk-34"},{"row":570,"row_count":1,"visible":true,"expansion_state":0,"options":{"engine":"r","label":"unnamed-chunk-203","dev":"png"},"document_id":"76DDAD35","chunk_id":"c3wees5vn7ois","chunk_label":"unnamed-chunk-35"},{"row":602,"row_count":1,"visible":true,"expansion_state":0,"options":{"engine":"r","label":"unnamed-chunk-204","dev":"png"},"document_id":"76DDAD35","chunk_id":"c0agbwlmv6k1i","chunk_label":"unnamed-chunk-36"},{"row":615,"row_count":1,"visible":true,"expansion_state":0,"options":{"engine":"r","label":"unnamed-chunk-205","dev":"png"},"document_id":"76DDAD35","chunk_id":"cy7guhxv7vjbf","chunk_label":"unnamed-chunk-37"},{"row":630,"row_count":1,"visible":true,"expansion_state":0,"options":{"engine":"r","label":"unnamed-chunk-206","dev":"png"},"document_id":"76DDAD35","chunk_id":"cch7f0vsktska","chunk_label":"unnamed-chunk-38"},{"row":640,"row_count":1,"visible":true,"expansion_state":0,"options":{"engine":"r","label":"unnamed-chunk-207","dev":"png"},"document_id":"76DDAD35","chunk_id":"cx9ufyx2rt26p","chunk_label":"unnamed-chunk-39"},{"row":652,"row_count":1,"visible":true,"expansion_state":0,"options":{"engine":"r","label":"unnamed-chunk-208","dev":"png"},"document_id":"76DDAD35","chunk_id":"c5nshbd9ppmmp","chunk_label":"unnamed-chunk-40"},{"row":665,"row_count":1,"visible":true,"expansion_state":0,"options":{"engine":"r","label":"unnamed-chunk-209","dev":"png"},"document_id":"76DDAD35","chunk_id":"c9ih8ckvuxjzk","chunk_label":"unnamed-chunk-41"},{"row":677,"row_count":1,"visible":true,"expansion_state":0,"options":{"engine":"r","label":"unnamed-chunk-210","dev":"png"},"document_id":"76DDAD35","chunk_id":"c0ezideq30pj7","chunk_label":"unnamed-chunk-42"},{"row":709,"row_count":1,"visible":true,"expansion_state":0,"options":{"engine":"r","label":"unnamed-chunk-211","dev":"png"},"document_id":"76DDAD35","chunk_id":"cnd9z7p2os6ec","chunk_label":"unnamed-chunk-43"},{"row":721,"row_count":1,"visible":true,"expansion_state":0,"options":{"engine":"r","label":"unnamed-chunk-212","dev":"png"},"document_id":"76DDAD35","chunk_id":"c7pt9zyzk6ria","chunk_label":"unnamed-chunk-44"},{"row":732,"row_count":1,"visible":true,"expansion_state":0,"options":{"engine":"r","label":"unnamed-chunk-213","dev":"png"},"document_id":"CB393BCC","chunk_id":"cgsdgpe0a5lkh","chunk_label":"unnamed-chunk-45"},{"row":743,"row_count":1,"visible":true,"expansion_state":0,"options":{"engine":"r","label":"unnamed-chunk-214","dev":"png"},"document_id":"11BD16B5","chunk_id":"cxj30o2khke2q","chunk_label":"unnamed-chunk-46"},{"row":750,"row_count":1,"visible":true,"expansion_state":0,"options":{"engine":"r","label":"unnamed-chunk-215","dev":"png"},"document_id":"11BD16B5","chunk_id":"ccghgsitoxwsk","chunk_label":"unnamed-chunk-47"},{"row":759,"row_count":1,"visible":true,"expansion_state":0,"options":{"engine":"r","label":"unnamed-chunk-216","dev":"png"},"document_id":"11BD16B5","chunk_id":"cate2ugroxz4r","chunk_label":"unnamed-chunk-48"},{"row":771,"row_count":1,"visible":true,"expansion_state":0,"options":{"engine":"r","label":"unnamed-chunk-217","dev":"png"},"document_id":"11BD16B5","chunk_id":"caeyc05943edr","chunk_label":"unnamed-chunk-49"},{"row":780,"row_count":1,"visible":true,"expansion_state":0,"options":{"engine":"r","label":"unnamed-chunk-218","dev":"png"},"document_id":"76DDAD35","chunk_id":"co3g5zvgin5qe","chunk_label":"unnamed-chunk-50"},{"row":787,"row_count":1,"visible":true,"expansion_state":0,"options":{"engine":"r","label":"unnamed-chunk-219","dev":"png"},"document_id":"11BD16B5","chunk_id":"cb06sjxdosiqq","chunk_label":"unnamed-chunk-51"},{"row":796,"row_count":1,"visible":true,"expansion_state":0,"options":{"engine":"r","label":"unnamed-chunk-220","dev":"png"},"document_id":"11BD16B5","chunk_id":"c2tcb6tz1yz31","chunk_label":"unnamed-chunk-52"},{"row":808,"row_count":1,"visible":true,"expansion_state":0,"options":{"engine":"r","label":"unnamed-chunk-221","dev":"png"},"document_id":"11BD16B5","chunk_id":"cd660r2dsm4yf","chunk_label":"unnamed-chunk-53"},{"row":820,"row_count":1,"visible":true,"expansion_state":0,"options":{"engine":"r","label":"unnamed-chunk-222","dev":"png"},"document_id":"11BD16B5","chunk_id":"cavtgff5kazi8","chunk_label":"unnamed-chunk-54"},{"row":832,"row_count":1,"visible":true,"expansion_state":0,"options":{"engine":"r","label":"unnamed-chunk-223","dev":"png"},"document_id":"11BD16B5","chunk_id":"cg7r4m802rh6s","chunk_label":"unnamed-chunk-55"},{"row":842,"row_count":1,"visible":true,"expansion_state":0,"options":{"engine":"r","label":"unnamed-chunk-224","dev":"png"},"document_id":"11BD16B5","chunk_id":"c54a5j6f8p980","chunk_label":"unnamed-chunk-56"},{"row":849,"row_count":1,"visible":true,"expansion_state":0,"options":{"engine":"r","label":"unnamed-chunk-225","dev":"png"},"document_id":"11BD16B5","chunk_id":"cgnksra9o409x","chunk_label":"unnamed-chunk-57"},{"row":858,"row_count":1,"visible":true,"expansion_state":0,"options":{"engine":"r","label":"unnamed-chunk-226","dev":"png"},"document_id":"11BD16B5","chunk_id":"c8ojm1eswyx9i","chunk_label":"unnamed-chunk-58"},{"row":870,"row_count":1,"visible":true,"expansion_state":0,"options":{"engine":"r","label":"unnamed-chunk-227","dev":"png"},"document_id":"11BD16B5","chunk_id":"c0ivuo506mzgg","chunk_label":"unnamed-chunk-59"},{"row":882,"row_count":1,"visible":true,"expansion_state":0,"options":{"engine":"r","label":"unnamed-chunk-228","dev":"png"},"document_id":"11BD16B5","chunk_id":"crrybmupbd2sb","chunk_label":"unnamed-chunk-60"},{"row":894,"row_count":1,"visible":true,"expansion_state":0,"options":{"engine":"r","label":"unnamed-chunk-229","dev":"png"},"document_id":"11BD16B5","chunk_id":"c9x00jsxeza0d","chunk_label":"unnamed-chunk-61"},{"row":905,"row_count":1,"visible":true,"expansion_state":0,"options":{"engine":"r","label":"unnamed-chunk-230","dev":"png"},"document_id":"76DDAD35","chunk_id":"cha9b8f7h371y","chunk_label":"unnamed-chunk-62"},{"row":912,"row_count":1,"visible":true,"expansion_state":0,"options":{"engine":"r","label":"unnamed-chunk-231","dev":"png"},"document_id":"76DDAD35","chunk_id":"cm9242eay3l7b","chunk_label":"unnamed-chunk-63"},{"row":921,"row_count":1,"visible":true,"expansion_state":0,"options":{"engine":"r","label":"unnamed-chunk-232","dev":"png"},"document_id":"76DDAD35","chunk_id":"cgxjeckhi2lv1","chunk_label":"unnamed-chunk-64"},{"row":933,"row_count":1,"visible":true,"expansion_state":0,"options":{"engine":"r","label":"unnamed-chunk-233","dev":"png"},"document_id":"76DDAD35","chunk_id":"cl56nia1v2pf6","chunk_label":"unnamed-chunk-65"},{"row":945,"row_count":1,"visible":true,"expansion_state":0,"options":{"engine":"r","label":"unnamed-chunk-234","dev":"png"},"document_id":"11BD16B5","chunk_id":"capl75js3lawk","chunk_label":"unnamed-chunk-66"},{"row":957,"row_count":1,"visible":true,"expansion_state":0,"options":{"engine":"r","label":"unnamed-chunk-235","dev":"png"},"document_id":"11BD16B5","chunk_id":"cbc9000ddnffy","chunk_label":"unnamed-chunk-67"},{"row":971,"row_count":1,"visible":true,"expansion_state":0,"options":{"engine":"r","label":"unnamed-chunk-236","dev":"png"},"document_id":"76DDAD35","chunk_id":"cxgnzqywg8bbs","chunk_label":"unnamed-chunk-68"},{"row":986,"row_count":1,"visible":true,"expansion_state":0,"options":{"engine":"r","label":"unnamed-chunk-237","dev":"png"},"document_id":"76DDAD35","chunk_id":"cfnib9zsqg9jc","chunk_label":"unnamed-chunk-69"},{"row":995,"row_count":1,"visible":true,"expansion_state":0,"options":{"engine":"r","label":"unnamed-chunk-238","dev":"png"},"document_id":"CB393BCC","chunk_id":"c2q3p4zpn2ngp","chunk_label":"unnamed-chunk-70"},{"row":1009,"row_count":1,"visible":true,"expansion_state":0,"options":{"engine":"r","label":"unnamed-chunk-239","dev":"png"},"document_id":"11BD16B5","chunk_id":"c6ayfo2qy40mw","chunk_label":"unnamed-chunk-71"},{"row":1022,"row_count":1,"visible":true,"expansion_state":0,"options":{"engine":"r","label":"unnamed-chunk-240","dev":"png"},"document_id":"11BD16B5","chunk_id":"ciuwmnbsoj7df","chunk_label":"unnamed-chunk-72"},{"row":1039,"row_count":1,"visible":true,"expansion_state":0,"options":{"engine":"r","label":"unnamed-chunk-241","dev":"png"},"document_id":"11BD16B5","chunk_id":"cstf9im7fv5qc","chunk_label":"unnamed-chunk-73"},{"row":1058,"row_count":1,"visible":true,"expansion_state":0,"options":{"engine":"r","label":"unnamed-chunk-242","dev":"png"},"document_id":"11BD16B5","chunk_id":"cc8adfc3ude6g","chunk_label":"unnamed-chunk-74"},{"row":1077,"row_count":1,"visible":true,"expansion_state":0,"options":{"engine":"r","label":"unnamed-chunk-243","dev":"png"},"document_id":"11BD16B5","chunk_id":"cmx9ikem7t4wd","chunk_label":"unnamed-chunk-75"},{"row":1091,"row_count":1,"visible":true,"expansion_state":0,"options":{"engine":"r","label":"unnamed-chunk-244","dev":"png"},"document_id":"CB393BCC","chunk_id":"cbgz9vtmcstjv","chunk_label":"unnamed-chunk-76"},{"row":1112,"row_count":1,"visible":true,"expansion_state":0,"options":{"engine":"r","label":"unnamed-chunk-245","dev":"png"},"document_id":"76DDAD35","chunk_id":"cs5gh7gen20p8","chunk_label":"unnamed-chunk-77"},{"row":1135,"row_count":1,"visible":true,"expansion_state":0,"options":{"engine":"r","label":"unnamed-chunk-246","dev":"png"},"document_id":"76DDAD35","chunk_id":"cymexj1neezuh","chunk_label":"unnamed-chunk-78"},{"row":1144,"row_count":1,"visible":true,"expansion_state":0,"options":{"engine":"r","label":"unnamed-chunk-247","dev":"png"},"document_id":"11BD16B5","chunk_id":"cskree1jyl659","chunk_label":"unnamed-chunk-79"}],"doc_write_time":1732550590,"working_dir":null,"default_chunk_options":{"echo":true,"message":false,"warning":false,"out.width":"100%"}}