{"chunk_definitions":[{"row":135,"row_count":1,"visible":true,"expansion_state":0,"options":{"engine":"r","label":"setup","message":false,"warning":false,"include":false,"dev":"png"},"document_id":"BA471669","chunk_id":"csetup_chunk","chunk_label":"setup"},{"row":141,"row_count":1,"visible":true,"expansion_state":0,"options":{"engine":"r","echo":false,"label":"unnamed-chunk-77","dev":"png"},"document_id":"BA471669","chunk_id":"cnc6js0k62hoh","chunk_label":"unnamed-chunk-1"},{"row":156,"row_count":1,"visible":true,"expansion_state":0,"options":{"engine":"r","label":"unnamed-chunk-78","dev":"png"},"document_id":"BA471669","chunk_id":"cklagpjnle4dx","chunk_label":"unnamed-chunk-2"},{"row":164,"row_count":1,"visible":true,"expansion_state":0,"options":{"engine":"r","label":"unnamed-chunk-79","dev":"png"},"document_id":"BA471669","chunk_id":"c20zq3cy66q0b","chunk_label":"unnamed-chunk-3"},{"row":168,"row_count":1,"visible":true,"expansion_state":0,"options":{"engine":"r","label":"unnamed-chunk-80","dev":"png"},"document_id":"BA471669","chunk_id":"cwggjhrrxnil7","chunk_label":"unnamed-chunk-4"},{"row":175,"row_count":1,"visible":true,"expansion_state":0,"options":{"engine":"r","label":"unnamed-chunk-81","dev":"png"},"document_id":"BA471669","chunk_id":"can8w31voqg5x","chunk_label":"unnamed-chunk-5"},{"row":181,"row_count":1,"visible":true,"expansion_state":0,"options":{"engine":"r","label":"unnamed-chunk-82","dev":"png"},"document_id":"BA471669","chunk_id":"cgdqkr0gi37t3","chunk_label":"unnamed-chunk-6"},{"row":212,"row_count":1,"visible":true,"expansion_state":0,"options":{"engine":"r","label":"unnamed-chunk-83","dev":"png"},"document_id":"BA471669","chunk_id":"c4enr5ykx9qnu","chunk_label":"unnamed-chunk-7"},{"row":224,"row_count":1,"visible":true,"expansion_state":0,"options":{"engine":"r","label":"unnamed-chunk-84","dev":"png"},"document_id":"BA471669","chunk_id":"cmby9d5s4fmct","chunk_label":"unnamed-chunk-8"},{"row":238,"row_count":1,"visible":true,"expansion_state":0,"options":{"engine":"r","label":"unnamed-chunk-85","dev":"png"},"document_id":"BA471669","chunk_id":"c79ajz9hsc3w5","chunk_label":"unnamed-chunk-9"},{"row":248,"row_count":1,"visible":true,"expansion_state":0,"options":{"engine":"r","label":"unnamed-chunk-86","dev":"png"},"document_id":"BA471669","chunk_id":"cihhkcc7we4nx","chunk_label":"unnamed-chunk-10"},{"row":260,"row_count":1,"visible":true,"expansion_state":0,"options":{"engine":"r","label":"unnamed-chunk-87","dev":"png"},"document_id":"BA471669","chunk_id":"ccouo9q88w2mu","chunk_label":"unnamed-chunk-11"},{"row":265,"row_count":1,"visible":true,"expansion_state":0,"options":{"engine":"r","label":"unnamed-chunk-88","dev":"png"},"document_id":"BA471669","chunk_id":"c2nyyekw9tnk3","chunk_label":"unnamed-chunk-12"},{"row":273,"row_count":1,"visible":true,"expansion_state":0,"options":{"engine":"r","label":"unnamed-chunk-89","dev":"png"},"document_id":"BA471669","chunk_id":"cc2sejruc5eqz","chunk_label":"unnamed-chunk-13"},{"row":284,"row_count":1,"visible":true,"expansion_state":0,"options":{"engine":"r","label":"unnamed-chunk-90","dev":"png"},"document_id":"BA471669","chunk_id":"c8ehakbqh4zch","chunk_label":"unnamed-chunk-14"},{"row":288,"row_count":1,"visible":true,"expansion_state":0,"options":{"engine":"r","label":"unnamed-chunk-91","dev":"png"},"document_id":"BA471669","chunk_id":"c3cx4iif7inht","chunk_label":"unnamed-chunk-15"},{"row":301,"row_count":1,"visible":true,"expansion_state":0,"options":{"engine":"r","label":"unnamed-chunk-92","dev":"png"},"document_id":"BA471669","chunk_id":"cxvughoo5x0do","chunk_label":"unnamed-chunk-16"},{"row":312,"row_count":1,"visible":true,"expansion_state":0,"options":{"engine":"r","label":"unnamed-chunk-93","dev":"png"},"document_id":"BA471669","chunk_id":"cteoicmxemyf6","chunk_label":"unnamed-chunk-17"},{"row":316,"row_count":1,"visible":true,"expansion_state":0,"options":{"engine":"r","label":"unnamed-chunk-94","dev":"png"},"document_id":"BA471669","chunk_id":"c06tr7j39vfxp","chunk_label":"unnamed-chunk-18"},{"row":346,"row_count":1,"visible":true,"expansion_state":0,"options":{"engine":"r","label":"unnamed-chunk-95","dev":"png"},"document_id":"BA471669","chunk_id":"coj5euzjmg47e","chunk_label":"unnamed-chunk-19"},{"row":358,"row_count":1,"visible":true,"expansion_state":0,"options":{"engine":"r","label":"unnamed-chunk-96","dev":"png"},"document_id":"BA471669","chunk_id":"cv2kbj605opwp","chunk_label":"unnamed-chunk-20"},{"row":376,"row_count":1,"visible":true,"expansion_state":0,"options":{"engine":"r","label":"unnamed-chunk-97","dev":"png"},"document_id":"BA471669","chunk_id":"curv9qtydw1q8","chunk_label":"unnamed-chunk-21"},{"row":400,"row_count":1,"visible":true,"expansion_state":0,"options":{"engine":"r","label":"unnamed-chunk-98","dev":"png"},"document_id":"BA471669","chunk_id":"cx9z0oc4xmieb","chunk_label":"unnamed-chunk-22"},{"row":423,"row_count":1,"visible":true,"expansion_state":0,"options":{"engine":"r","label":"unnamed-chunk-99","dev":"png"},"document_id":"BA471669","chunk_id":"c7naahs6jg5m2","chunk_label":"unnamed-chunk-23"},{"row":431,"row_count":1,"visible":true,"expansion_state":0,"options":{"engine":"r","label":"unnamed-chunk-100","dev":"png"},"document_id":"BA471669","chunk_id":"ce8uv575p8pks","chunk_label":"unnamed-chunk-24"},{"row":448,"row_count":1,"visible":true,"expansion_state":0,"options":{"engine":"r","label":"unnamed-chunk-101","dev":"png"},"document_id":"BA471669","chunk_id":"czfx9hmz42dpi","chunk_label":"unnamed-chunk-25"},{"row":465,"row_count":1,"visible":true,"expansion_state":0,"options":{"engine":"r","label":"unnamed-chunk-102","dev":"png"},"document_id":"BA471669","chunk_id":"coo7o9acemfel","chunk_label":"unnamed-chunk-26"},{"row":474,"row_count":1,"visible":true,"expansion_state":0,"options":{"engine":"r","label":"unnamed-chunk-103","dev":"png"},"document_id":"BA471669","chunk_id":"cpjtb0zslrh6z","chunk_label":"unnamed-chunk-27"},{"row":479,"row_count":1,"visible":true,"expansion_state":0,"options":{"engine":"r","label":"unnamed-chunk-104","dev":"png"},"document_id":"BA471669","chunk_id":"cr9pqo7r2ymkr","chunk_label":"unnamed-chunk-28"},{"row":486,"row_count":1,"visible":true,"expansion_state":0,"options":{"engine":"r","label":"unnamed-chunk-105","dev":"png"},"document_id":"BA471669","chunk_id":"cjrzx5p3se7ps","chunk_label":"unnamed-chunk-29"},{"row":492,"row_count":1,"visible":true,"expansion_state":0,"options":{"engine":"r","label":"unnamed-chunk-106","dev":"png"},"document_id":"BA471669","chunk_id":"cw1ex8eho79ga","chunk_label":"unnamed-chunk-30"},{"row":524,"row_count":1,"visible":true,"expansion_state":0,"options":{"engine":"r","label":"unnamed-chunk-107","dev":"png"},"document_id":"BA471669","chunk_id":"choevzo87f5zn","chunk_label":"unnamed-chunk-31"},{"row":536,"row_count":1,"visible":true,"expansion_state":0,"options":{"engine":"r","label":"unnamed-chunk-108","dev":"png"},"document_id":"BA471669","chunk_id":"cyvlg1br09u1g","chunk_label":"unnamed-chunk-32"},{"row":550,"row_count":1,"visible":true,"expansion_state":0,"options":{"engine":"r","label":"unnamed-chunk-109","dev":"png"},"document_id":"BA471669","chunk_id":"c0uz67vd4bp3m","chunk_label":"unnamed-chunk-33"},{"row":560,"row_count":1,"visible":true,"expansion_state":0,"options":{"engine":"r","label":"unnamed-chunk-110","dev":"png"},"document_id":"BA471669","chunk_id":"cyv6oh0zbevie","chunk_label":"unnamed-chunk-34"},{"row":572,"row_count":1,"visible":true,"expansion_state":0,"options":{"engine":"r","label":"unnamed-chunk-111","dev":"png"},"document_id":"BA471669","chunk_id":"c1pkdp5nazqvd","chunk_label":"unnamed-chunk-35"},{"row":580,"row_count":1,"visible":true,"expansion_state":0,"options":{"engine":"r","label":"unnamed-chunk-112","dev":"png"},"document_id":"BA471669","chunk_id":"cxfazir8sg2po","chunk_label":"unnamed-chunk-36"},{"row":591,"row_count":1,"visible":true,"expansion_state":0,"options":{"engine":"r","label":"unnamed-chunk-113","dev":"png"},"document_id":"BA471669","chunk_id":"cau29esrdl4ln","chunk_label":"unnamed-chunk-37"},{"row":595,"row_count":1,"visible":true,"expansion_state":0,"options":{"engine":"r","label":"unnamed-chunk-114","dev":"png"},"document_id":"BA471669","chunk_id":"cnmyakqtv4wmw","chunk_label":"unnamed-chunk-38"},{"row":608,"row_count":1,"visible":true,"expansion_state":0,"options":{"engine":"r","label":"unnamed-chunk-115","dev":"png"},"document_id":"BA471669","chunk_id":"cr7yd8dvffex7","chunk_label":"unnamed-chunk-39"},{"row":612,"row_count":1,"visible":true,"expansion_state":0,"options":{"engine":"r","label":"unnamed-chunk-116","dev":"png"},"document_id":"BA471669","chunk_id":"c0aeteax1po7s","chunk_label":"unnamed-chunk-40"},{"row":621,"row_count":1,"visible":true,"expansion_state":0,"options":{"engine":"r","label":"unnamed-chunk-117","dev":"png"},"document_id":"BA471669","chunk_id":"cb7jk5ylr0861","chunk_label":"unnamed-chunk-41"},{"row":625,"row_count":1,"visible":true,"expansion_state":0,"options":{"engine":"r","label":"unnamed-chunk-118","dev":"png"},"document_id":"BA471669","chunk_id":"c0h77ba5v4nse","chunk_label":"unnamed-chunk-42"},{"row":654,"row_count":1,"visible":true,"expansion_state":0,"options":{"engine":"r","label":"unnamed-chunk-119","dev":"png"},"document_id":"BA471669","chunk_id":"crf2485ixtxmc","chunk_label":"unnamed-chunk-43"},{"row":666,"row_count":1,"visible":true,"expansion_state":0,"options":{"engine":"r","label":"unnamed-chunk-121","dev":"png"},"document_id":"BA471669","chunk_id":"cnx275z0urr61","chunk_label":"unnamed-chunk-44"},{"row":682,"row_count":1,"visible":true,"expansion_state":0,"options":{"engine":"r","label":"unnamed-chunk-45","dev":"png"},"document_id":"BA471669","chunk_id":"cbou3c6a42v98","chunk_label":"unnamed-chunk-45"},{"row":687,"row_count":1,"visible":true,"expansion_state":0,"options":{"engine":"r","label":"unnamed-chunk-46","dev":"png"},"document_id":"BA471669","chunk_id":"czh8oe5rfybcq","chunk_label":"unnamed-chunk-46"},{"row":709,"row_count":1,"visible":true,"expansion_state":0,"options":{"engine":"r","label":"unnamed-chunk-47","dev":"png"},"document_id":"BA471669","chunk_id":"cy7vb82zikh8w","chunk_label":"unnamed-chunk-47"},{"row":732,"row_count":1,"visible":true,"expansion_state":0,"options":{"engine":"r","label":"unnamed-chunk-48","dev":"png"},"document_id":"BA471669","chunk_id":"cstglzv8xtvmf","chunk_label":"unnamed-chunk-48"},{"row":741,"row_count":1,"visible":true,"expansion_state":0,"options":{"engine":"r","label":"unnamed-chunk-49","dev":"png"},"document_id":"BA471669","chunk_id":"cab42il7w1yzo","chunk_label":"unnamed-chunk-49"},{"row":757,"row_count":1,"visible":true,"expansion_state":0,"options":{"engine":"r","label":"unnamed-chunk-50","dev":"png"},"document_id":"BA471669","chunk_id":"c3gbsvcmeq55f","chunk_label":"unnamed-chunk-50"}],"doc_write_time":1731806821}