{"chunk_definitions":[{"row":135,"row_count":1,"visible":true,"expansion_state":0,"options":{"engine":"r","label":"setup","message":false,"warning":false,"include":false,"dev":"png"},"document_id":"BA471669","chunk_id":"csetup_chunk","chunk_label":"setup"},{"row":141,"row_count":1,"visible":true,"expansion_state":0,"options":{"engine":"r","echo":false,"label":"unnamed-chunk-2","dev":"png"},"document_id":"BA471669","chunk_id":"cnc6js0k62hoh","chunk_label":"unnamed-chunk-1"},{"row":156,"row_count":1,"visible":true,"expansion_state":0,"options":{"engine":"r","label":"unnamed-chunk-3","dev":"png"},"document_id":"BA471669","chunk_id":"cklagpjnle4dx","chunk_label":"unnamed-chunk-2"},{"row":164,"row_count":1,"visible":true,"expansion_state":0,"options":{"engine":"r","label":"unnamed-chunk-4","dev":"png"},"document_id":"BA471669","chunk_id":"c20zq3cy66q0b","chunk_label":"unnamed-chunk-3"},{"row":168,"row_count":1,"visible":true,"expansion_state":0,"options":{"engine":"r","label":"unnamed-chunk-5","dev":"png"},"document_id":"BA471669","chunk_id":"cwggjhrrxnil7","chunk_label":"unnamed-chunk-4"},{"row":175,"row_count":1,"visible":true,"expansion_state":0,"options":{"engine":"r","label":"unnamed-chunk-6","dev":"png"},"document_id":"BA471669","chunk_id":"can8w31voqg5x","chunk_label":"unnamed-chunk-5"},{"row":181,"row_count":1,"visible":true,"expansion_state":0,"options":{"engine":"r","label":"unnamed-chunk-7","dev":"png"},"document_id":"BA471669","chunk_id":"cgdqkr0gi37t3","chunk_label":"unnamed-chunk-6"},{"row":212,"row_count":1,"visible":true,"expansion_state":0,"options":{"engine":"r","label":"unnamed-chunk-8","dev":"png"},"document_id":"BA471669","chunk_id":"c4enr5ykx9qnu","chunk_label":"unnamed-chunk-7"},{"row":224,"row_count":1,"visible":true,"expansion_state":0,"options":{"engine":"r","label":"unnamed-chunk-9","dev":"png"},"document_id":"BA471669","chunk_id":"cmby9d5s4fmct","chunk_label":"unnamed-chunk-8"},{"row":238,"row_count":1,"visible":true,"expansion_state":0,"options":{"engine":"r","label":"unnamed-chunk-10","dev":"png"},"document_id":"BA471669","chunk_id":"c79ajz9hsc3w5","chunk_label":"unnamed-chunk-9"},{"row":248,"row_count":1,"visible":true,"expansion_state":0,"options":{"engine":"r","label":"unnamed-chunk-11","dev":"png"},"document_id":"BA471669","chunk_id":"cihhkcc7we4nx","chunk_label":"unnamed-chunk-10"},{"row":260,"row_count":1,"visible":true,"expansion_state":0,"options":{"engine":"r","label":"unnamed-chunk-12","dev":"png"},"document_id":"BA471669","chunk_id":"ccouo9q88w2mu","chunk_label":"unnamed-chunk-11"},{"row":265,"row_count":1,"visible":true,"expansion_state":0,"options":{"engine":"r","label":"unnamed-chunk-13","dev":"png"},"document_id":"BA471669","chunk_id":"c2nyyekw9tnk3","chunk_label":"unnamed-chunk-12"},{"row":273,"row_count":1,"visible":true,"expansion_state":0,"options":{"engine":"r","label":"unnamed-chunk-14","dev":"png"},"document_id":"BA471669","chunk_id":"cc2sejruc5eqz","chunk_label":"unnamed-chunk-13"},{"row":284,"row_count":1,"visible":true,"expansion_state":0,"options":{"engine":"r","label":"unnamed-chunk-15","dev":"png"},"document_id":"BA471669","chunk_id":"c8ehakbqh4zch","chunk_label":"unnamed-chunk-14"},{"row":288,"row_count":1,"visible":true,"expansion_state":0,"options":{"engine":"r","label":"unnamed-chunk-16","dev":"png"},"document_id":"BA471669","chunk_id":"c3cx4iif7inht","chunk_label":"unnamed-chunk-15"},{"row":301,"row_count":1,"visible":true,"expansion_state":0,"options":{"engine":"r","label":"unnamed-chunk-17","dev":"png"},"document_id":"BA471669","chunk_id":"cxvughoo5x0do","chunk_label":"unnamed-chunk-16"},{"row":312,"row_count":1,"visible":true,"expansion_state":0,"options":{"engine":"r","label":"unnamed-chunk-18","dev":"png"},"document_id":"BA471669","chunk_id":"cteoicmxemyf6","chunk_label":"unnamed-chunk-17"},{"row":316,"row_count":1,"visible":true,"expansion_state":0,"options":{"engine":"r","label":"unnamed-chunk-19","dev":"png"},"document_id":"BA471669","chunk_id":"c06tr7j39vfxp","chunk_label":"unnamed-chunk-18"},{"row":345,"row_count":1,"visible":true,"expansion_state":0,"options":{"engine":"r","label":"unnamed-chunk-20","dev":"png"},"document_id":"BA471669","chunk_id":"coj5euzjmg47e","chunk_label":"unnamed-chunk-19"},{"row":357,"row_count":1,"visible":true,"expansion_state":0,"options":{"engine":"r","label":"unnamed-chunk-21","dev":"png"},"document_id":"BA471669","chunk_id":"cv2kbj605opwp","chunk_label":"unnamed-chunk-20"},{"row":375,"row_count":1,"visible":true,"expansion_state":0,"options":{"engine":"r","label":"unnamed-chunk-22","dev":"png"},"document_id":"BA471669","chunk_id":"curv9qtydw1q8","chunk_label":"unnamed-chunk-21"},{"row":399,"row_count":1,"visible":true,"expansion_state":0,"options":{"engine":"r","label":"unnamed-chunk-23","dev":"png"},"document_id":"BA471669","chunk_id":"cx9z0oc4xmieb","chunk_label":"unnamed-chunk-22"},{"row":422,"row_count":1,"visible":true,"expansion_state":0,"options":{"engine":"r","label":"unnamed-chunk-24","dev":"png"},"document_id":"BA471669","chunk_id":"c7naahs6jg5m2","chunk_label":"unnamed-chunk-23"},{"row":430,"row_count":1,"visible":true,"expansion_state":0,"options":{"engine":"r","label":"unnamed-chunk-25","dev":"png"},"document_id":"BA471669","chunk_id":"ce8uv575p8pks","chunk_label":"unnamed-chunk-24"},{"row":447,"row_count":1,"visible":true,"expansion_state":0,"options":{"engine":"r","label":"unnamed-chunk-26","dev":"png"},"document_id":"BA471669","chunk_id":"czfx9hmz42dpi","chunk_label":"unnamed-chunk-25"},{"row":464,"row_count":1,"visible":true,"expansion_state":0,"options":{"engine":"r","label":"unnamed-chunk-27","dev":"png"},"document_id":"BA471669","chunk_id":"coo7o9acemfel","chunk_label":"unnamed-chunk-26"},{"row":473,"row_count":1,"visible":true,"expansion_state":0,"options":{"engine":"r","label":"unnamed-chunk-28","dev":"png"},"document_id":"BA471669","chunk_id":"cpjtb0zslrh6z","chunk_label":"unnamed-chunk-27"},{"row":478,"row_count":1,"visible":true,"expansion_state":0,"options":{"engine":"r","label":"unnamed-chunk-29","dev":"png"},"document_id":"BA471669","chunk_id":"cr9pqo7r2ymkr","chunk_label":"unnamed-chunk-28"},{"row":485,"row_count":1,"visible":true,"expansion_state":0,"options":{"engine":"r","label":"unnamed-chunk-30","dev":"png"},"document_id":"BA471669","chunk_id":"cjrzx5p3se7ps","chunk_label":"unnamed-chunk-29"},{"row":491,"row_count":1,"visible":true,"expansion_state":0,"options":{"engine":"r","label":"unnamed-chunk-31","dev":"png"},"document_id":"BA471669","chunk_id":"cw1ex8eho79ga","chunk_label":"unnamed-chunk-30"},{"row":523,"row_count":1,"visible":true,"expansion_state":0,"options":{"engine":"r","label":"unnamed-chunk-32","dev":"png"},"document_id":"BA471669","chunk_id":"choevzo87f5zn","chunk_label":"unnamed-chunk-31"},{"row":535,"row_count":1,"visible":true,"expansion_state":0,"options":{"engine":"r","label":"unnamed-chunk-33","dev":"png"},"document_id":"BA471669","chunk_id":"cyvlg1br09u1g","chunk_label":"unnamed-chunk-32"},{"row":549,"row_count":1,"visible":true,"expansion_state":0,"options":{"engine":"r","label":"unnamed-chunk-34","dev":"png"},"document_id":"BA471669","chunk_id":"c0uz67vd4bp3m","chunk_label":"unnamed-chunk-33"},{"row":559,"row_count":1,"visible":true,"expansion_state":0,"options":{"engine":"r","label":"unnamed-chunk-35","dev":"png"},"document_id":"BA471669","chunk_id":"cyv6oh0zbevie","chunk_label":"unnamed-chunk-34"},{"row":571,"row_count":1,"visible":true,"expansion_state":0,"options":{"engine":"r","label":"unnamed-chunk-36","dev":"png"},"document_id":"BA471669","chunk_id":"c1pkdp5nazqvd","chunk_label":"unnamed-chunk-35"},{"row":579,"row_count":1,"visible":true,"expansion_state":0,"options":{"engine":"r","label":"unnamed-chunk-37","dev":"png"},"document_id":"BA471669","chunk_id":"cxfazir8sg2po","chunk_label":"unnamed-chunk-36"},{"row":590,"row_count":1,"visible":true,"expansion_state":0,"options":{"engine":"r","label":"unnamed-chunk-38","dev":"png"},"document_id":"BA471669","chunk_id":"cau29esrdl4ln","chunk_label":"unnamed-chunk-37"},{"row":594,"row_count":1,"visible":true,"expansion_state":0,"options":{"engine":"r","label":"unnamed-chunk-39","dev":"png"},"document_id":"BA471669","chunk_id":"cnmyakqtv4wmw","chunk_label":"unnamed-chunk-38"},{"row":607,"row_count":1,"visible":true,"expansion_state":0,"options":{"engine":"r","label":"unnamed-chunk-40","dev":"png"},"document_id":"BA471669","chunk_id":"cr7yd8dvffex7","chunk_label":"unnamed-chunk-39"},{"row":611,"row_count":1,"visible":true,"expansion_state":0,"options":{"engine":"r","label":"unnamed-chunk-41","dev":"png"},"document_id":"BA471669","chunk_id":"c0aeteax1po7s","chunk_label":"unnamed-chunk-40"},{"row":620,"row_count":1,"visible":true,"expansion_state":0,"options":{"engine":"r","label":"unnamed-chunk-42","dev":"png"},"document_id":"BA471669","chunk_id":"cb7jk5ylr0861","chunk_label":"unnamed-chunk-41"},{"row":624,"row_count":1,"visible":true,"expansion_state":0,"options":{"engine":"r","label":"unnamed-chunk-43","dev":"png"},"document_id":"BA471669","chunk_id":"c0h77ba5v4nse","chunk_label":"unnamed-chunk-42"},{"row":653,"row_count":1,"visible":true,"expansion_state":0,"options":{"engine":"r","label":"unnamed-chunk-44","dev":"png"},"document_id":"BA471669","chunk_id":"crf2485ixtxmc","chunk_label":"unnamed-chunk-43"},{"row":665,"row_count":1,"visible":true,"expansion_state":0,"options":{"engine":"r","label":"unnamed-chunk-45","dev":"png"},"document_id":"BA471669","chunk_id":"cnx275z0urr61","chunk_label":"unnamed-chunk-44"},{"row":681,"row_count":1,"visible":true,"expansion_state":0,"options":{"engine":"r","label":"unnamed-chunk-46","dev":"png"},"document_id":"BA471669","chunk_id":"cbou3c6a42v98","chunk_label":"unnamed-chunk-45"},{"row":686,"row_count":1,"visible":true,"expansion_state":0,"options":{"engine":"r","label":"unnamed-chunk-47","dev":"png"},"document_id":"BA471669","chunk_id":"czh8oe5rfybcq","chunk_label":"unnamed-chunk-46"},{"row":708,"row_count":1,"visible":true,"expansion_state":0,"options":{"engine":"r","label":"unnamed-chunk-48","dev":"png"},"document_id":"BA471669","chunk_id":"cy7vb82zikh8w","chunk_label":"unnamed-chunk-47"},{"row":731,"row_count":1,"visible":true,"expansion_state":0,"options":{"engine":"r","label":"unnamed-chunk-49","dev":"png"},"document_id":"BA471669","chunk_id":"cstglzv8xtvmf","chunk_label":"unnamed-chunk-48"},{"row":740,"row_count":1,"visible":true,"expansion_state":0,"options":{"engine":"r","label":"unnamed-chunk-50","dev":"png"},"document_id":"BA471669","chunk_id":"cab42il7w1yzo","chunk_label":"unnamed-chunk-49"},{"row":756,"row_count":1,"visible":true,"expansion_state":0,"options":{"engine":"r","label":"unnamed-chunk-51","dev":"png"},"document_id":"BA471669","chunk_id":"c3gbsvcmeq55f","chunk_label":"unnamed-chunk-50"}],"doc_write_time":1731708273,"working_dir":null,"default_chunk_options":{"echo":true,"message":false,"warning":false,"out.width":"100%"},"chunk_rendered_width":585}