"0","# Define the desired order for Academic_Standing"
"0","IS_Academic_Standing <- IS_Academic_Standing %>%"
"0","  mutate(Academic_Standing = factor(Academic_Standing, levels = c(""Freshman"", ""Sophomore"", ""Junior"", ""Senior"")))"
"0",""
"0","# Create the matrix table"
"0","matrix_table <- IS_Academic_Standing %>%"
"0","  group_by(Academic_Standing, Max_Term_Code) %>%"
"0","  summarise(count = n()) %>%"
"0","  pivot_wider(names_from = Max_Term_Code, values_from = count, values_fill = 0) %>%"
"0","  arrange(Academic_Standing)"
"0",""
"0","# Display the matrix table"
"0","print(matrix_table)"
