"0","## Removing these 4 columns as they contain repeating or NA values"
"0","IS_Majors <- IS_Majors %>%"
"0","  select(-`Enrolled Student Count`, -`Major 4`, -`Major 5`)"
"0",""
"0","## Removing the index column as it is unnecessary"
"0","IS_Academic_Standing <- IS_Academic_Standing %>% select(-1)"
"0",""
"0","## Replacing NA values with ""None"""
"0","IS_Majors[is.na(IS_Majors)] <- ""None"""
"0",""
"0","## Writing it back into the IS_Majors file"
"0","write.csv(IS_Majors, ""IS_Majors.csv"")"
"0",""
